cf_id,fiscal_date_ending,operating_cashflow,payments_for_operating_activities,proceeds_from_operating_activities,change_in_operating_liabilities,change_in_operating_assets,depreciation_depletion_and_amortization,capital_expenditures,change_in_receivables,change_in_inventory,profit_loss,cashflow_from_investment,cashflow_from_financing,proceeds_from_repayments_of_short_term_debt,payments_for_repurchase_of_common_stock,payments_for_repurchase_of_equity,payments_for_repurchase_of_preferred_stock,dividend_payout,dividend_payout_common_stock,dividend_payout_preferred_stock,proceeds_from_issuance_of_common_stock,proceeds_from_issuance_of_long_term_debt_and_capital_securities_net,proceeds_from_issuance_of_preferred_stock,proceeds_from_repurchase_of_equity,proceeds_from_sale_of_treasury_stock,change_in_cash_and_cash_equivalents,change_in_exchange_rate,net_income,symbol,sector,year,company_id,name
0,2023-12-31,28501000000,4674000000,0,-520000000,0,14336000000,15540000000,0,1516000000,15107000000,-7161000000,-19850000000,-660000000,11291000000,11291000000,0,4766000000,4766000000,0,0,6052000000,0,-11291000000,0,0,0,15388000000,CMCSA,Comunicacion,2023,0,Comcast Corp
1,2022-12-31,26413000000,4378000000,0,497000000,0,13821000000,13767000000,0,830000000,4925000000,-14140000000,-16184000000,660000000,13328000000,13328000000,0,4741000000,4741000000,0,0,2745000000,0,-13328000000,0,-3911000000,0,5370000000,CMCSA,Comunicacion,2022,0,Comcast Corp
2,2021-12-31,29146000000,4895000000,0,765000000,0,13804000000,12057000000,0,570000000,13833000000,-13446000000,-18618000000,0,4672000000,4672000000,0,4532000000,4532000000,0,0,2628000000,0,-4672000000,0,-2918000000,0,14159000000,CMCSA,Comunicacion,2021,0,Comcast Corp
3,2020-12-31,24737000000,4814000000,0,-266000000,0,13100000000,11634000000,0,286000000,10701000000,-12047000000,-6513000000,0,534000000,534000000,0,4140000000,4140000000,0,0,18644000000,0,-534000000,0,6177000000,0,10534000000,CMCSA,Comunicacion,2020,0,Comcast Corp
4,2019-12-31,25697000000,5168000000,0,-347000000,0,12953000000,12428000000,0,404000000,13323000000,-14841000000,-9181000000,-1288000000,504000000,504000000,0,3735000000,3735000000,0,0,5479000000,0,-504000000,0,1675000000,0,13057000000,CMCSA,Comunicacion,2019,0,Comcast Corp
5,2018-12-31,24297000000,2897000000,0,-394000000,0,11017000000,11709000000,0,0,11862000000,-50854000000,27140000000,379000000,5320000000,5320000000,0,3352000000,3352000000,0,0,44781000000,0,-5320000000,0,583000000,0,11731000000,CMCSA,Comunicacion,2018,0,Comcast Corp
6,2023-12-31,7274301000,1839477000,0,375775000,181003000,356947000,348552000,0,0,5407990000,541751000,-5950803000,0,6045347000,6045347000,0,0,0,0,0,0,0,-5875357000,0,0,0,5407990000,NFLX,Comunicacion,2023,1,Netflix Inc
7,2022-12-31,2026257000,1513413000,0,-186700000,353834000,336682000,407729000,0,0,4491924000,-2076392000,-664254000,0,0,0,0,0,0,0,0,0,0,36000000,0,-714389000,0,4491924000,NFLX,Comunicacion,2022,1,Netflix Inc
8,2021-12-31,392610000,1272697000,0,416803000,369681000,208412000,524585000,0,0,5116228000,-1339853000,-1149776000,0,600022000,600022000,0,0,0,0,174414000,0,0,-251608000,0,-2097019000,0,5116228000,NFLX,Comunicacion,2021,1,Netflix Inc
9,2020-12-31,2427077000,1054486000,0,349825000,187623000,115710000,497923000,0,0,2761395000,-505354000,1237311000,0,0,0,0,0,0,0,235406000,0,0,470406000,0,3159034000,0,2761395000,NFLX,Comunicacion,2020,1,Netflix Inc
10,2019-12-31,-2887322000,999790000,0,417841000,252113000,103579000,253035000,0,0,1866916000,-387064000,4505662000,0,0,0,0,0,0,0,72490000,0,0,144490000,0,1231276000,0,1866916000,NFLX,Comunicacion,2019,1,Netflix Inc
11,2018-12-31,-2680479000,506900000,0,491897000,200192000,83157000,173946000,0,0,1211242000,-339120000,4048527000,0,0,0,0,0,0,0,124502000,0,0,249502000,0,989246000,-39682000,1211242000,NFLX,Comunicacion,2018,1,Netflix Inc
12,2023-09-30,21525000000,4032000000,0,203000000,1934000000,5369000000,4969000000,-358000000,183000000,3390000000,-4641000000,-2724000000,-191000000,0,0,0,0,0,0,0,83000000,0,0,0,0,0,2354000000,DIS,Comunicacion,2023,2,Walt Disney Company
13,2022-09-30,11683000000,3533000000,0,1010000000,6793000000,5163000000,4943000000,-605000000,420000000,3505000000,-5008000000,-4741000000,0,0,0,0,0,0,0,0,333000000,0,0,0,0,0,3145000000,DIS,Comunicacion,2022,2,Walt Disney Company
14,2021-09-30,12035000000,4475000000,0,2128000000,4235000000,5111000000,3578000000,357000000,-252000000,2507000000,-3163000000,-4385000000,0,0,0,0,0,0,0,0,64000000,0,435000000,0,-1960000000,30000000,1995000000,DIS,Comunicacion,2021,2,Walt Disney Company
15,2020-09-30,16977000000,3192000000,0,-2445000000,-2197000000,5345000000,4022000000,-1943000000,-14000000,-2474000000,-3637000000,8480000000,0,0,0,0,1587000000,1587000000,0,0,18120000000,0,305000000,0,22073000000,38000000,-2864000000,DIS,Comunicacion,2020,2,Walt Disney Company
16,2019-09-30,19135000000,10401000000,0,-6408000000,-222000000,4167000000,4876000000,-55000000,223000000,11584000000,-4118000000,-1090000000,4318000000,0,0,0,2895000000,2895000000,0,0,38240000000,0,318000000,0,24803000000,-98000000,11054000000,DIS,Comunicacion,2019,2,Walt Disney Company
17,2023-12-31,7477000000,1373000000,0,-820000000,-312000000,7985000000,1316000000,-312000000,0,-3079000000,-1259000000,-5837000000,-7000000,0,0,0,301000000,0,0,0,1496000000,0,0,0,0,0,-3126000000,WBD,Comunicacion,2023,3,Warner Bros Discovery Inc
18,2022-12-31,4304000000,562000000,0,1529000000,-181000000,7193000000,987000000,-181000000,-181000000,-7297000000,3524000000,-7742000000,-2000000,0,0,0,300000000,300000000,0,0,0,0,0,0,86000000,0,-7371000000,WBD,Comunicacion,2022,3,Warner Bros Discovery Inc
19,2021-12-31,2798000000,185000000,0,185000000,464000000,1582000000,373000000,-47000000,-47000000,1197000000,-56000000,-853000000,0,0,0,0,251000000,251000000,0,0,0,0,159000000,0,1889000000,0,1006000000,WBD,Comunicacion,2021,3,Warner Bros Discovery Inc
20,2020-12-31,2739000000,160000000,0,-131000000,81000000,1359000000,402000000,-105000000,-105000000,1355000000,-703000000,-1549000000,0,0,969000000,0,254000000,0,0,0,1979000000,0,-961000000,0,487000000,0,1219000000,WBD,Comunicacion,2020,3,Warner Bros Discovery Inc
21,2019-12-31,3399000000,217000000,0,122000000,507000000,1347000000,289000000,3000000,4000000,2213000000,-438000000,-2357000000,-225000000,0,633000000,0,250000000,2000000,0,0,1479000000,0,-2000000,0,604000000,0,2069000000,WBD,Comunicacion,2019,3,Warner Bros Discovery Inc
22,2018-12-31,2576000000,1013000000,0,-74000000,215000000,1398000000,147000000,84000000,57000000,681000000,-8593000000,-283000000,-205000000,0,0,0,76000000,0,0,0,0,0,54000000,0,-6323000000,-23000000,594000000,WBD,Comunicacion,2018,3,Warner Bros Discovery Inc
23,2023-12-31,14433000000,6859000000,0,169000000,616000000,8720000000,11115000000,44000000,0,5261000000,-11127000000,-3242000000,0,3215000000,3215000000,0,158000000,22000000,0,0,22062000000,0,-3193000000,0,0,0,4557000000,CHTR,Comunicacion,2023,4,Charter Communications Inc
24,2022-12-31,14925000000,6175000000,0,148000000,544000000,8883000000,9376000000,342000000,0,5849000000,-9114000000,-5767000000,0,10277000000,10277000000,0,111000000,111000000,0,0,25643000000,0,-10272000000,0,44000000,0,5055000000,CHTR,Comunicacion,2022,4,Charter Communications Inc
25,2021-12-31,16239000000,4527000000,0,362000000,202000000,9277000000,7635000000,35000000,0,5320000000,-7754000000,-8885000000,0,15431000000,15431000000,0,75000000,44000000,0,0,20976000000,0,-15387000000,0,-400000000,0,4654000000,CHTR,Comunicacion,2021,4,Charter Communications Inc
26,2020-12-31,14562000000,4292000000,0,291000000,98000000,9659000000,7879000000,-26000000,0,3676000000,-8157000000,-8953000000,0,11217000000,11217000000,0,154000000,16060000000,0,23000000,15754000000,0,-11010000000,0,-2548000000,0,3222000000,CHTR,Comunicacion,2020,4,Charter Communications Inc
27,2019-12-31,11748000000,4326000000,0,-103000000,902000000,9906000000,7195000000,505000000,0,1992000000,-7331000000,-1633000000,0,6873000000,6873000000,0,154000000,118000000,0,0,19685000000,0,-6755000000,0,2784000000,0,1668000000,CHTR,Comunicacion,2019,4,Charter Communications Inc
28,2018-12-31,11767000000,3916000000,0,125000000,368000000,9993000000,9125000000,98000000,-125000000,1506000000,-9736000000,-1887000000,0,4399000000,4399000000,0,153000000,153000000,0,0,13820000000,0,-4330000000,0,144000000,0,1230000000,CHTR,Comunicacion,2018,4,Charter Communications Inc
29,2023-06-30,16848000000,4813000000,0,313000000,426000000,2714000000,3062000000,307000000,119000000,14738000000,-3500000000,-12146000000,818000000,7353000000,7353000000,0,8999000000,8999000000,0,0,0,0,-5617000000,0,1202000000,0,14653000000,PG,Consumo Basico,2023,5,Procter & Gamble Company
30,2022-06-30,16723000000,4430000000,0,1429000000,1941000000,2807000000,3156000000,694000000,1247000000,14793000000,-4424000000,-14876000000,-150000000,10003000000,10003000000,0,8770000000,8770000000,0,0,0,0,-7487000000,0,-2577000000,0,14742000000,PG,Consumo Basico,2022,5,Procter & Gamble Company
31,2021-06-30,18371000000,4599000000,0,1391000000,651000000,2735000000,2787000000,342000000,309000000,14352000000,-2834000000,-21531000000,-3333000000,11009000000,11009000000,0,8263000000,8263000000,0,0,0,0,-8773000000,0,-5994000000,0,14306000000,PG,Consumo Basico,2021,5,Procter & Gamble Company
32,2020-06-30,17403000000,4227000000,0,1923000000,3000000,3013000000,3073000000,-634000000,637000000,13103000000,3045000000,-8367000000,2345000000,7405000000,7405000000,0,7789000000,7789000000,0,0,0,0,-4831000000,0,12081000000,0,13027000000,PG,Consumo Basico,2020,5,Procter & Gamble Company
33,2019-06-30,15242000000,3611000000,0,1856000000,515000000,2824000000,3347000000,276000000,239000000,3966000000,-3490000000,-9994000000,-2215000000,5003000000,5003000000,0,7498000000,7498000000,0,0,0,0,-1129000000,0,1670000000,-88000000,3897000000,PG,Consumo Basico,2019,5,Procter & Gamble Company
34,2018-06-30,14867000000,3827000000,0,1385000000,365000000,2834000000,3717000000,177000000,188000000,9861000000,-3511000000,-14375000000,-3437000000,7004000000,7004000000,0,7310000000,7310000000,0,0,0,0,-5336000000,0,-3000000000,19000000,9750000000,PG,Consumo Basico,2018,5,Procter & Gamble Company
35,2023-12-31,11599000000,2969000000,0,76000000,922000000,1128000000,1852000000,2000000,597000000,10703000000,-3349000000,-8310000000,0,2289000000,2289000000,0,7952000000,7952000000,0,539000000,0,0,-1750000000,0,0,0,10714000000,KO,Consumo Basico,2023,6,The Coca-Cola Company
36,2022-12-31,11018000000,2803000000,634000000,199000000,804000000,1260000000,1484000000,69000000,960000000,9571000000,-763000000,-10250000000,0,1418000000,1418000000,0,7616000000,7616000000,0,837000000,0,0,-581000000,0,5000000,0,9542000000,KO,Consumo Basico,2022,6,The Coca-Cola Company
37,2021-12-31,12625000000,2520000000,823000000,1926000000,601000000,1452000000,1367000000,225000000,135000000,9804000000,-2765000000,-6786000000,0,111000000,111000000,0,7252000000,7252000000,0,702000000,0,0,591000000,0,2915000000,-159000000,9771000000,KO,Consumo Basico,2021,6,The Coca-Cola Company
38,2020-12-31,9844000000,1633000000,467000000,-369000000,-1059000000,1536000000,1177000000,-882000000,-99000000,7768000000,-1477000000,-8070000000,0,118000000,118000000,0,7047000000,7047000000,0,647000000,0,0,529000000,0,373000000,76000000,7747000000,KO,Consumo Basico,2020,6,The Coca-Cola Company
39,2019-12-31,10471000000,2465000000,628000000,794000000,428000000,1365000000,2054000000,158000000,183000000,8985000000,-3976000000,-9004000000,0,1103000000,1103000000,0,6845000000,6845000000,0,1012000000,0,0,-91000000,0,-2581000000,-72000000,8920000000,KO,Consumo Basico,2019,6,The Coca-Cola Company
40,2018-12-31,7627000000,2037000000,551000000,-876000000,326000000,1086000000,1347000000,-66000000,203000000,6476000000,5927000000,-10347000000,0,1912000000,1912000000,0,6644000000,6644000000,0,1476000000,0,0,-436000000,0,2945000000,-262000000,6434000000,KO,Consumo Basico,2018,6,The Coca-Cola Company
41,2023-12-31,13442000000,2941000000,0,730000000,1067000000,2948000000,5518000000,793000000,261000000,9155000000,-5495000000,-3009000000,2293000000,1000000000,1000000000,0,6682000000,6682000000,0,0,5482000000,0,-884000000,0,0,0,9074000000,PEP,Consumo Basico,2023,7,PepsiCo Inc
42,2022-12-31,10811000000,2270000000,0,1899000000,2787000000,2763000000,5207000000,1763000000,1142000000,8978000000,-2430000000,-8523000000,-13000000,1500000000,1500000000,0,6172000000,6172000000,0,0,3377000000,0,-1362000000,0,-142000000,0,8910000000,PEP,Consumo Basico,2022,7,PepsiCo Inc
43,2021-12-31,11616000000,2968000000,0,1792000000,1074000000,2710000000,4625000000,651000000,582000000,7679000000,-3269000000,-10780000000,45000000,106000000,106000000,0,5815000000,5815000000,0,0,4122000000,0,79000000,0,-2547000000,-114000000,7618000000,PEP,Consumo Basico,2021,7,PepsiCo Inc
44,2020-12-31,10613000000,2659000000,0,607000000,910000000,2548000000,4240000000,420000000,516000000,7175000000,-11619000000,3819000000,414000000,2000000000,2000000000,0,5509000000,5509000000,0,0,13809000000,0,-1821000000,0,2684000000,-129000000,7120000000,PEP,Consumo Basico,2020,7,PepsiCo Inc
45,2019-12-31,9649000000,2620000000,0,448000000,927000000,2432000000,4232000000,650000000,190000000,7353000000,-6437000000,-8489000000,1000000,3000000000,3000000000,0,5304000000,5304000000,0,0,4621000000,0,-2671000000,0,-5199000000,78000000,7314000000,PEP,Consumo Basico,2019,7,PepsiCo Inc
46,2018-12-31,9415000000,3351000000,0,1215000000,418000000,2399000000,3282000000,253000000,174000000,12559000000,4564000000,-13769000000,-1366000000,2000000000,2000000000,0,4930000000,4930000000,0,0,0,0,-1719000000,0,112000000,-98000000,12515000000,PEP,Consumo Basico,2018,7,PepsiCo Inc
47,2023-01-31,28841000000,7889000000,0,2841000000,79000000,596000000,16857000000,240000000,528000000,11292000000,-17722000000,-17039000000,-34000000,9920000000,9920000000,0,6558000000,6114000000,0,0,5041000000,0,-9854000000,0,-5920000000,0,11680000000,WMT,Consumo Basico,2023,8,Walmart Inc
48,2022-01-31,24181000000,10614000000,0,6963000000,12519000000,565000000,13106000000,-1796000000,11764000000,13940000000,-6015000000,-22828000000,193000000,9787000000,9787000000,0,6576000000,6152000000,0,0,6945000000,0,-6548000000,0,-4662000000,0,13673000000,WMT,Consumo Basico,2022,8,Walmart Inc
49,2021-01-31,36074000000,10402000000,0,11453000000,484000000,583000000,10264000000,-1086000000,2395000000,13706000000,-10071000000,-16117000000,-324000000,2625000000,2625000000,0,6550000000,6116000000,0,0,0,0,-2625000000,0,9886000000,0,13510000000,WMT,Consumo Basico,2021,8,Walmart Inc
50,2020-01-31,25255000000,8972000000,0,-181000000,-20000000,480000000,10705000000,154000000,300000000,15201000000,-9128000000,-14299000000,-4656000000,5717000000,5717000000,0,6048000000,6048000000,0,0,5492000000,0,-5717000000,0,1828000000,0,14881000000,WMT,Consumo Basico,2020,8,Walmart Inc
51,2019-01-31,27753000000,3982000000,0,1974000000,1810000000,10678000000,10344000000,-368000000,1311000000,7179000000,-24036000000,-2537000000,-53000000,7410000000,7410000000,0,6102000000,6102000000,0,0,15872000000,0,-7410000000,0,1180000000,0,6670000000,WMT,Consumo Basico,2019,8,Walmart Inc
52,2018-01-31,28337000000,8629000000,0,4457000000,444000000,10529000000,10051000000,-1074000000,140000000,10523000000,-9079000000,-19875000000,4148000000,8296000000,8296000000,0,6124000000,6124000000,0,0,7476000000,0,-8296000000,0,-111000000,487000000,9862000000,WMT,Consumo Basico,2018,8,Walmart Inc
53,2023-09-03,11068000000,2700000000,0,-382000000,-1228000000,2077000000,4323000000,0,-1228000000,6292000000,-4972000000,-2614000000,0,676000000,0,0,1251000000,1251000000,0,0,0,0,0,0,0,0,6292000000,COST,Consumo Basico,2023,9,Costco Wholesale Corp
54,2022-08-28,7392000000,2407000000,0,1891000000,4040000000,1900000000,3891000000,0,4003000000,5915000000,-3915000000,-4283000000,47000000,439000000,439000000,0,1706000000,1498000000,0,0,0,0,-439000000,0,-806000000,0,5844000000,COST,Consumo Basico,2022,9,Costco Wholesale Corp
55,2021-08-29,8958000000,1846000000,0,1838000000,1833000000,1781000000,3588000000,0,1892000000,5079000000,-3535000000,-6488000000,229000000,496000000,496000000,0,5748000000,5748000000,0,0,0,0,-496000000,0,-1019000000,46000000,5007000000,COST,Consumo Basico,2021,9,Costco Wholesale Corp
56,2020-08-30,8861000000,1343000000,0,2261000000,687000000,1645000000,2810000000,0,791000000,4059000000,-3891000000,-1147000000,137000000,196000000,196000000,0,1479000000,1479000000,0,0,3992000000,0,-196000000,0,3893000000,70000000,4002000000,COST,Consumo Basico,2020,9,Costco Wholesale Corp
57,2019-09-01,6356000000,1187000000,0,322000000,389000000,1492000000,2998000000,0,536000000,3704000000,-2865000000,-1147000000,210000000,247000000,247000000,0,1038000000,1038000000,0,0,298000000,0,-247000000,0,2329000000,-15000000,3659000000,COST,Consumo Basico,2019,9,Costco Wholesale Corp
58,2018-09-02,5774000000,1204000000,0,1561000000,1362000000,1437000000,2969000000,0,1313000000,3179000000,-2947000000,-1281000000,80000000,328000000,328000000,0,689000000,689000000,0,0,0,0,-328000000,0,1509000000,-37000000,3134000000,COST,Consumo Basico,2018,9,Costco Wholesale Corp
59,2023-12-31,84946000000,10761000000,0,10051000000,10816000000,48663000000,52729000000,0,-1449000000,30445000000,-49833000000,-15879000000,-7548000000,0,0,0,0,0,0,0,0,0,0,0,0,0,30425000000,AMZN,Consumo discrecional,2023,10,Amazon.com Inc
60,2022-12-31,46752000000,9007000000,0,5161000000,2592000000,41921000000,63645000000,-21897000000,2592000000,-2722000000,-37601000000,9718000000,3999000000,6000000000,6000000000,0,0,0,0,0,21166000000,0,-6000000000,0,18869000000,0,-2722000000,AMZN,Consumo discrecional,2022,10,Amazon.com Inc
61,2021-12-31,46327000000,7243000000,0,5916000000,9487000000,34433000000,61053000000,-18163000000,9487000000,33355000000,-58154000000,6291000000,0,0,0,0,0,0,0,0,19003000000,0,0,0,-5900000000,-364000000,33364000000,AMZN,Consumo discrecional,2021,10,Amazon.com Inc
62,2020-12-31,66064000000,5087000000,0,18745000000,2849000000,25180000000,40140000000,-8169000000,2849000000,21331000000,-59611000000,-1104000000,0,0,0,0,0,0,0,0,10525000000,0,0,0,5967000000,618000000,21331000000,AMZN,Consumo discrecional,2020,10,Amazon.com Inc
63,2019-12-31,38514000000,4008000000,0,9904000000,3278000000,21789000000,16861000000,-7681000000,3278000000,11588000000,-24281000000,-10066000000,0,0,0,0,0,0,0,0,2273000000,0,0,0,4237000000,70000000,11588000000,AMZN,Consumo discrecional,2019,10,Amazon.com Inc
64,2018-12-31,30723000000,0,0,4414000000,1314000000,15341000000,13427000000,-4615000000,1314000000,10073000000,-12369000000,-7686000000,0,0,0,0,0,0,0,0,768000000,0,0,0,10317000000,-351000000,10073000000,AMZN,Consumo discrecional,2018,10,Amazon.com Inc
65,2023-12-31,13256000000,2376000000,0,4137000000,4433000000,3836000000,8898000000,586000000,1195000000,14974000000,-15584000000,2589000000,0,0,0,0,0,0,0,0,0,0,700000000,0,0,0,14997000000,TSLA,Consumo discrecional,2023,11,Tesla Inc
66,2022-12-31,14724000000,2184000000,0,9064000000,11557000000,2913000000,7158000000,1124000000,6465000000,12587000000,-11973000000,-3527000000,0,0,0,0,0,0,0,0,0,0,541000000,0,0,0,12556000000,TSLA,Consumo discrecional,2022,11,Tesla Inc
67,2021-12-31,11497000000,1532000000,0,5847000000,-3401000000,2381000000,7982000000,-130000000,1709000000,5644000000,-7868000000,-5203000000,0,0,0,0,0,0,0,0,0,0,707000000,0,-1574000000,0,5519000000,TSLA,Consumo discrecional,2021,11,Tesla Inc
68,2020-12-31,5943000000,1115000000,0,2918000000,1669000000,2149000000,3167000000,652000000,422000000,862000000,-3132000000,9973000000,0,0,0,0,0,0,0,12269000000,0,0,12686000000,0,12784000000,0,721000000,TSLA,Consumo discrecional,2020,11,Tesla Inc
69,2019-12-31,2405000000,1009000000,0,1592000000,969000000,1901000000,1332000000,367000000,429000000,-775000000,-1436000000,1529000000,0,0,0,0,0,0,0,848000000,0,174000000,1285000000,0,2498000000,0,-862000000,TSLA,Consumo discrecional,2019,11,Tesla Inc
70,2018-12-31,2098000000,443545000,0,2289477000,1602121000,1268730000,2100724000,496732000,1023000000,-1063000000,-2337000000,574000000,0,0,11000,0,0,0,0,0,0,0,295711000,0,334129000,0,-976000000,TSLA,Consumo discrecional,2018,11,Tesla Inc
71,2023-01-29,14615000000,8166000000,0,-2684000000,2892000000,2975000000,3119000000,-111000000,2830000000,17105000000,-3140000000,-10993000000,-1035000000,6696000000,6696000000,0,7789000000,7789000000,0,264000000,6942000000,0,-6432000000,0,482000000,0,17105000000,HD,Consumo discrecional,2023,12,Home Depot Inc
72,2022-01-30,16571000000,7990000000,0,2350000000,6444000000,2862000000,2566000000,435000000,5403000000,16433000000,-2969000000,-19120000000,1035000000,14809000000,14809000000,0,6985000000,6985000000,0,337000000,2979000000,0,-14472000000,0,-5518000000,0,16433000000,HD,Consumo discrecional,2022,12,Home Depot Inc
73,2021-01-31,18839000000,7029000000,0,4969000000,2648000000,2519000000,2463000000,465000000,1657000000,12866000000,-10170000000,-2983000000,-974000000,791000000,791000000,0,6451000000,6451000000,0,326000000,7933000000,0,-465000000,0,5686000000,0,12866000000,HD,Consumo discrecional,2021,12,Home Depot Inc
74,2020-02-02,13687000000,5427000000,0,76000000,696000000,2296000000,2678000000,170000000,593000000,11242000000,-2653000000,-10798000000,-365000000,6965000000,6965000000,0,5958000000,5958000000,0,280000000,3420000000,0,-6685000000,0,236000000,119000000,11242000000,HD,Consumo discrecional,2020,12,Home Depot Inc
75,2019-02-03,13165000000,4809000000,0,701000000,1442000000,2152000000,2442000000,-33000000,1244000000,11121000000,-2416000000,-12547000000,-220000000,9963000000,9963000000,0,4704000000,4704000000,0,236000000,3466000000,0,-9727000000,0,-1817000000,-19000000,11121000000,HD,Consumo discrecional,2019,12,Home Depot Inc
76,2018-01-28,12031000000,5723000000,0,509000000,-137000000,2062000000,1897000000,-139000000,84000000,8630000000,-2228000000,-8870000000,850000000,8000000000,8000000000,0,4212000000,4212000000,0,255000000,2991000000,0,-7745000000,0,933000000,124000000,8630000000,HD,Consumo discrecional,2018,12,Home Depot Inc
77,2023-12-31,9611900000,4279800000,5530900000,986300000,161000000,381700000,2798600000,161000000,16700000,9983000000,-3184500000,-4374100000,212800000,3054300000,3054300000,0,4532800000,4532800000,0,0,5221100000,0,-2794500000,0,0,0,8468800000,MCD,Consumo discrecional,2023,13,McDonald’s Corporation
78,2022-12-31,7386700000,4207000000,5005600000,-386100000,264100000,370400000,2706200000,264100000,5600000,7497600000,-2678100000,-6580200000,25500000,3896000000,3896000000,0,4168200000,4168200000,0,0,3374500000,0,-3647800000,0,-1871600000,0,6177400000,MCD,Consumo discrecional,2022,13,McDonald’s Corporation
79,2021-12-31,9141500000,3601200000,4645100000,206500000,-309900000,329700000,2414200000,-309900000,-62200000,8907700000,-2165700000,-5595600000,15100000,845500000,845500000,0,3918600000,3918600000,0,0,1154400000,0,-559800000,0,1260100000,-120100000,7545200000,MCD,Consumo discrecional,2021,13,McDonald’s Corporation
80,2020-12-31,6265200000,2577900000,3831500000,-136700000,6800000,300600000,1706900000,6800000,-68600000,6066000000,-1545800000,-2249000000,-893100000,907800000,907800000,0,3752900000,3752900000,0,0,5543000000,0,-612300000,0,2550600000,80200000,4730500000,MCD,Consumo discrecional,2020,13,McDonald’s Corporation
81,2019-12-31,8122100000,2656200000,4107100000,142700000,-27000000,262500000,540900000,-27000000,128800000,7301100000,-3071100000,-4994800000,799200000,4976200000,4976200000,0,3581900000,3581900000,0,0,4499000000,0,-4625700000,0,32500000,-23700000,6025400000,MCD,Consumo discrecional,2019,13,McDonald’s Corporation
82,2018-12-31,6966700000,2694000000,3886300000,8600000,479400000,214800000,101700000,479400000,-1900000,7057000000,-2455100000,-5949600000,95900000,5207700000,5207700000,0,3255900000,3255900000,0,0,3794500000,0,-4804500000,0,-1597800000,-159800000,5924300000,MCD,Consumo discrecional,2018,13,McDonald’s Corporation
83,2023-05-31,5841000000,2439000000,0,-225000000,288000000,703000000,969000000,-489000000,133000000,5070000000,564000000,-7447000000,0,5480000000,5480000000,0,2012000000,2012000000,0,0,0,0,-4829000000,0,-1042000000,0,5070000000,NKE,Consumo discrecional,2023,14,Nike Inc
84,2022-05-31,5188000000,2110000000,0,1365000000,3025000000,717000000,758000000,504000000,1676000000,6046000000,-1524000000,-4836000000,0,4014000000,4014000000,0,1837000000,1837000000,0,0,0,0,-2863000000,0,-1172000000,0,6046000000,NKE,Consumo discrecional,2022,14,Nike Inc
85,2021-05-31,6657000000,2053000000,0,1326000000,1281000000,744000000,695000000,1606000000,-507000000,5727000000,-3800000000,-1459000000,0,608000000,608000000,0,1638000000,1638000000,0,0,0,0,564000000,0,1398000000,0,5727000000,NKE,Consumo discrecional,2021,14,Nike Inc
86,2020-05-31,2485000000,1700000000,0,24000000,1269000000,721000000,1086000000,-1239000000,1854000000,2539000000,-1028000000,2491000000,0,3067000000,3067000000,0,1452000000,1452000000,0,0,6134000000,0,-2182000000,0,3882000000,-66000000,2539000000,NKE,Consumo discrecional,2020,14,Nike Inc
87,2019-05-31,5903000000,910000000,0,1525000000,963000000,705000000,1119000000,270000000,490000000,4029000000,-264000000,-5293000000,0,4286000000,4286000000,0,1332000000,1332000000,0,0,0,0,-3586000000,0,217000000,-129000000,4029000000,NKE,Consumo discrecional,2019,14,Nike Inc
88,2018-05-31,4955000000,654000000,0,1515000000,33000000,747000000,1028000000,-187000000,255000000,1933000000,276000000,-4835000000,0,4254000000,4254000000,0,1243000000,1243000000,0,0,0,0,-3521000000,0,441000000,45000000,1933000000,NKE,Consumo discrecional,2018,14,Nike Inc
89,2023-12-31,55369000000,584000000,0,-4727000000,-472000000,20641000000,21919000000,-4370000000,3472000000,37354000000,-19274000000,-34297000000,-879000000,17748000000,17748000000,0,15472000000,14941000000,0,0,939000000,0,-17748000000,0,0,0,36010000000,XOM,Energia,2023,15,Exxon Mobil Corp
90,2022-12-31,76797000000,666000000,0,18460000000,18654000000,24040000000,18407000000,11019000000,6947000000,57577000000,-14742000000,-39114000000,-7877000000,15155000000,15155000000,0,15206000000,14939000000,0,0,637000000,0,-15155000000,0,22941000000,0,55740000000,XOM,Energia,2022,15,Exxon Mobil Corp
91,2021-12-31,48129000000,1203000000,0,16820000000,12658000000,20607000000,12076000000,12098000000,489000000,23598000000,-10235000000,-35423000000,-16709000000,155000000,155000000,0,15148000000,14924000000,0,0,46000000,0,-155000000,0,2471000000,0,23040000000,XOM,Energia,2021,15,Exxon Mobil Corp
92,2020-12-31,14668000000,833000000,0,-7142000000,-5489000000,46009000000,17282000000,-5384000000,315000000,-23251000000,-18459000000,5285000000,-1703000000,405000000,405000000,0,15053000000,14865000000,0,0,23186000000,0,-405000000,0,1494000000,0,-22440000000,XOM,Energia,2020,15,Exxon Mobil Corp
93,2019-12-31,29716000000,560000000,0,3725000000,2802000000,18998000000,24361000000,2640000000,-72000000,14774000000,-23084000000,-6618000000,-4043000000,594000000,594000000,0,14844000000,14652000000,0,0,7052000000,0,-594000000,0,14000000,0,14340000000,XOM,Energia,2019,15,Exxon Mobil Corp
94,2018-12-31,36014000000,303000000,0,2321000000,3677000000,18745000000,19574000000,545000000,3107000000,21421000000,-16446000000,-19446000000,-219000000,626000000,626000000,0,14041000000,13798000000,0,0,0,0,-626000000,0,-135000000,-257000000,20840000000,XOM,Energia,2018,15,Exxon Mobil Corp
95,2023-12-31,35609000000,14287000000,0,-2850000000,485000000,17326000000,15829000000,-1337000000,320000000,21411000000,-15232000000,-30109000000,135000000,14939000000,14939000000,0,11376000000,11336000000,0,0,150000000,0,-14678000000,0,0,0,21369000000,CVX,Energia,2023,16,Chevron Corp
96,2022-12-31,49602000000,12905000000,0,5598000000,3532000000,16319000000,11974000000,2164000000,930000000,35608000000,-12108000000,-24978000000,263000000,11255000000,11255000000,0,11082000000,10968000000,0,0,0,0,-5417000000,0,12516000000,0,35465000000,CVX,Energia,2022,16,Chevron Corp
97,2021-12-31,29187000000,8496000000,0,6698000000,8358000000,17925000000,8056000000,7527000000,530000000,15689000000,-5865000000,-23113000000,-5572000000,1383000000,1383000000,0,10215000000,10179000000,0,0,0,0,38000000,0,209000000,0,15625000000,CVX,Energia,2021,16,Chevron Corp
98,2020-12-31,10577000000,7074000000,0,-4272000000,-2668000000,19508000000,8922000000,-2719000000,-284000000,-5561000000,-6965000000,-3736000000,651000000,1757000000,1757000000,0,9675000000,9651000000,0,0,12308000000,0,-1531000000,0,-124000000,0,-5543000000,CVX,Energia,2020,16,Chevron Corp
99,2019-12-31,27314000000,8576000000,0,-42000000,-1969000000,29218000000,14116000000,-2354000000,-7000000,2845000000,-11458000000,-19758000000,-2821000000,4039000000,4039000000,0,8977000000,8959000000,0,0,0,0,-2935000000,0,-3902000000,0,2924000000,CVX,Energia,2019,16,Chevron Corp
100,2018-12-31,30618000000,6519000000,0,-582000000,-282000000,19419000000,13792000000,-855000000,424000000,14860000000,-12290000000,-13699000000,2021000000,1751000000,1751000000,0,8593000000,8502000000,0,0,218000000,0,-604000000,0,4629000000,0,14824000000,CVX,Energia,2018,16,Chevron Corp
101,2023-12-31,19965000000,1026000000,0,-391000000,-1567000000,8270000000,11248000000,-1333000000,103000000,10957000000,-12000000000,-8661000000,0,5400000000,5400000000,0,5583000000,5583000000,0,-52000000,0,0,-5452000000,0,0,0,10957000000,COP,Energia,2023,17,ConocoPhillips
102,2022-12-31,28314000000,1282000000,0,1726000000,1174000000,7504000000,10159000000,963000000,38000000,18680000000,-8741000000,-18053000000,0,9270000000,9270000000,0,5726000000,5726000000,0,362000000,0,0,-8908000000,0,1520000000,0,18680000000,COP,Energia,2022,17,ConocoPhillips
103,2021-12-31,16996000000,1298000000,15000000,1841000000,3309000000,7208000000,5324000000,2500000000,160000000,8079000000,-8544000000,-6335000000,0,3623000000,3623000000,0,2359000000,2359000000,0,145000000,0,0,-3478000000,0,2117000000,0,8079000000,COP,Energia,2021,17,ConocoPhillips
104,2020-12-31,4802000000,1144000000,0,-365000000,-572000000,5521000000,4715000000,-521000000,25000000,-2655000000,-4121000000,-2708000000,0,892000000,892000000,0,1831000000,1831000000,0,-5000000,0,0,-897000000,0,-2027000000,0,-2701000000,COP,Energia,2020,17,ConocoPhillips
105,2019-12-31,11104000000,1269000000,0,-173000000,-475000000,6090000000,6636000000,-505000000,67000000,7257000000,-6618000000,-5229000000,0,3500000000,3500000000,0,1500000000,1500000000,0,-30000000,0,0,-3530000000,0,-743000000,0,7189000000,COP,Energia,2019,17,ConocoPhillips
106,2018-12-31,12934000000,1000000000,0,343000000,-266000000,5956000000,6750000000,-235000000,-86000000,6305000000,-3843000000,-9359000000,0,2999000000,2999000000,0,1363000000,1363000000,0,121000000,0,0,-2878000000,0,-268000000,0,6257000000,COP,Energia,2018,17,ConocoPhillips
107,2023-12-31,6637000000,0,0,586000000,802000000,2312000000,1939000000,659000000,254000000,4275000000,-2783000000,-2512000000,2000000,0,694000000,0,1317000000,1317000000,0,0,994000000,0,-413000000,0,0,0,4203000000,SLB,Energia,2023,18,Schlumberger NV
108,2022-12-31,3720000000,0,0,823000000,2554000000,2147000000,1618000000,1728000000,737000000,3492000000,-1388000000,-2382000000,37000000,0,0,0,848000000,848000000,0,0,0,0,223000000,0,-50000000,0,3441000000,SLB,Energia,2022,18,Schlumberger NV
109,2021-12-31,4651000000,0,0,-20000000,-424000000,2120000000,1141000000,36000000,-75000000,1928000000,-919000000,-2824000000,-105000000,0,0,0,699000000,699000000,0,0,34000000,0,137000000,0,908000000,5000000,1881000000,SLB,Energia,2021,18,Schlumberger NV
110,2020-12-31,2944000000,16000000,0,-3512000000,-2673000000,2566000000,1116000000,-2345000000,-86000000,-10486000000,-2353000000,-873000000,156000000,0,26000000,0,1734000000,1734000000,0,0,5837000000,0,120000000,0,-282000000,-11000000,-10518000000,SLB,Energia,2020,18,Schlumberger NV
111,2019-12-31,5431000000,25000000,0,-207000000,218000000,3589000000,1724000000,-142000000,314000000,-10107000000,-2011000000,-3718000000,-44000000,0,278000000,0,2769000000,2769000000,0,0,4004000000,0,-59000000,0,-298000000,2000000,-10137000000,SLB,Energia,2019,18,Schlumberger NV
112,2018-12-31,5713000000,83000000,0,-914000000,-483000000,3556000000,2160000000,-430000000,10000000,2177000000,-1040000000,-5020000000,-85000000,0,400000000,0,2770000000,2770000000,0,0,898000000,0,-139000000,0,-347000000,-19000000,2138000000,SLB,Energia,2018,18,Schlumberger NV
113,2023-12-31,11340000000,161000000,0,126000000,230000000,3492000000,6185000000,38000000,231000000,7594000000,-6340000000,-5694000000,0,1038000000,1038000000,0,3386000000,3386000000,0,0,0,0,-1018000000,0,0,0,7594000000,EOG,Energia,2023,19,EOG Resources Inc
114,2022-12-31,11093000000,173000000,0,-289000000,1245000000,3542000000,5000000000,347000000,534000000,7759000000,-5056000000,-5273000000,0,118000000,118000000,0,5148000000,1406000000,0,0,0,0,-90000000,0,764000000,0,7759000000,EOG,Energia,2022,19,EOG Resources Inc
115,2021-12-31,8791000000,185000000,0,652000000,970000000,3651000000,3850000000,821000000,13000000,4664000000,-3419000000,-3493000000,0,41000000,41000000,0,2684000000,2684000000,0,0,0,0,-22000000,0,1879000000,0,4664000000,EOG,Energia,2021,19,EOG Resources Inc
116,2020-12-31,5008000000,205447000,0,-836265000,-913691000,3400000000,3464700000,-467000000,-123000000,-604572000,-3348000000,-359000000,0,16000000,16130000,0,820823000,820823000,0,0,1483852000,0,39000,0,1300956000,-296000,-605000000,EOG,Energia,2020,19,EOG Resources Inc
117,2019-12-31,8163000000,186546000,0,152042000,-356493000,3750000000,6422526000,92000000,-90000000,2734910000,-6177000000,-1513000000,0,25000000,25152000,0,588200000,588200000,0,0,0,0,-7206000,0,472338000,-348000,2735000000,EOG,Energia,2019,19,EOG Resources Inc
118,2018-12-31,7768608000,243279000,0,357835000,889023000,3435408000,6076475000,368180000,395408000,3419040000,-6170162000,-839103000,0,63456000,63456000,0,438045000,438045000,0,0,0,0,-42896000,0,721406000,-37937000,3419040000,EOG,Energia,2018,19,EOG Resources Inc
119,2023-12-31,49196000000,0,0,7052000000,1851000000,12486000000,19409000000,1949000000,-1426000000,97147000000,-32663000000,-14405000000,2407000000,9171000000,9171000000,0,0,0,0,0,0,0,-9171000000,0,0,0,96223000000,BRK-B,Finanzas,2023,20,Berkshire Hathaway Inc
120,2022-12-31,37350000000,0,0,7951000000,10744000000,10899000000,15464000000,5621000000,4779000000,-21998000000,-87601000000,-1662000000,-596000000,7854000000,7854000000,0,0,0,0,0,0,0,-7854000000,0,0,0,-22759000000,BRK-B,Finanzas,2022,20,Berkshire Hathaway Inc
121,2021-12-31,39421000000,0,0,9290000000,7520000000,10718000000,13276000000,5834000000,1862000000,90807000000,29392000000,-28508000000,-624000000,27061000000,27061000000,0,0,0,0,0,0,0,-27061000000,0,40305000000,0,89795000000,BRK-B,Finanzas,2021,20,Berkshire Hathaway Inc
122,2020-12-31,39773000000,0,0,9782000000,2718000000,10596000000,13012000000,1609000000,-681000000,43253000000,-37757000000,-18344000000,-1118000000,24706000000,24706000000,0,0,0,0,0,0,0,-24706000000,0,-16328000000,0,42521000000,BRK-B,Finanzas,2020,20,Berkshire Hathaway Inc
123,2019-12-31,38687000000,0,0,7984000000,4314000000,10064000000,15979000000,2303000000,681000000,81792000000,-5621000000,730000000,266000000,4850000000,4850000000,0,0,0,0,0,0,0,-4850000000,0,33796000000,0,81417000000,BRK-B,Finanzas,2019,20,Berkshire Hathaway Inc
124,2018-12-31,37400000000,0,0,7245000000,5275000000,9779000000,14537000000,3443000000,0,4322000000,-32849000000,-5812000000,-1943000000,1346000000,1346000000,0,0,0,0,0,0,0,-1346000000,0,-1261000000,0,4021000000,BRK-B,Finanzas,2018,20,Berkshire Hathaway Inc
125,2023-12-31,12974000000,78776000000,0,5315000000,171268000000,315000000,1291000000,0,32970000000,49552000000,67643000000,-25571000000,11867000000,9824000000,9824000000,0,13463000000,13463000000,0,0,75417000000,0,-9824000000,0,0,0,49552000000,JPM,Finanzas,2023,21,JPMorgan Chase & Co
126,2022-12-31,107119000000,24756000000,0,11170000000,163295000000,145000000,0,-22970000000,-55656000000,37676000000,-137819000000,-126257000000,-529000000,3162000000,3162000000,0,13562000000,13562000000,0,0,78442000000,0,-3162000000,0,-156957000000,0,37676000000,JPM,Finanzas,2022,21,JPMorgan Chase & Co
127,2021-12-31,78084000000,6798000000,0,-23190000000,319534000000,7932000000,0,-12401000000,-11745000000,48334000000,-129344000000,275993000000,-13026000000,18408000000,18408000000,0,12858000000,12858000000,0,0,82409000000,7350000000,-11058000000,0,224733000000,0,48334000000,JPM,Finanzas,2021,21,JPMorgan Chase & Co
128,2020-12-31,-79910000000,14703000000,0,77198000000,378421000000,8614000000,0,-18012000000,-42434000000,29131000000,-261912000000,596645000000,35966000000,6517000000,6517000000,0,12690000000,12690000000,0,0,78686000000,4500000000,-2017000000,0,254823000000,0,29131000000,JPM,Finanzas,2020,21,JPMorgan Chase & Co
129,2019-12-31,4092000000,31490000000,0,-14516000000,117212000000,8368000000,0,-78000000,-17949000000,36431000000,-52059000000,32987000000,-27214000000,24001000000,24001000000,0,12343000000,12343000000,0,0,61085000000,5000000000,-19001000000,0,-14980000000,0,36431000000,JPM,Finanzas,2019,21,JPMorgan Chase & Co
130,2018-12-31,15614000000,21152000000,0,18290000000,156206000000,7791000000,0,-5849000000,-8833000000,32474000000,-199420000000,34158000000,41891000000,19983000000,19983000000,0,10109000000,10109000000,0,0,71662000000,1696000000,-18287000000,0,-152511000000,-2863000000,32474000000,JPM,Finanzas,2018,21,JPMorgan Chase & Co
131,2023-12-31,44982000000,71579000000,0,0,39565000000,2057000000,0,0,0,26515000000,-35387000000,93345000000,93414000000,4576000000,4576000000,0,9087000000,9087000000,0,0,65396000000,0,-4576000000,0,0,0,26515000000,BAC,Finanzas,2023,22,Bank of America Corp
132,2022-12-31,-6327000000,20512000000,0,0,4063000000,1978000000,0,0,0,27528000000,-2529000000,-106039000000,6485000000,5073000000,5727000000,654000000,8576000000,8576000000,0,0,65910000000,4426000000,-1301000000,0,-114895000000,0,27528000000,BAC,Finanzas,2022,22,Bank of America Corp
133,2021-12-31,-7193000000,6470000000,0,0,78090000000,1898000000,0,0,0,31978000000,-313291000000,291650000000,26438000000,25126000000,27097000000,1971000000,8055000000,8055000000,0,0,76675000000,2169000000,-24928000000,0,-28834000000,0,31978000000,BAC,Finanzas,2021,22,Bank of America Corp
134,2020-12-31,37993000000,10701000000,0,0,12483000000,1843000000,0,0,0,17894000000,-177665000000,355819000000,321000000,7025000000,8097000000,1072000000,7727000000,7727000000,0,0,57013000000,2181000000,-5916000000,0,216147000000,0,17894000000,BAC,Finanzas,2020,22,Bank of America Corp
135,2019-12-31,61777000000,24205000000,0,0,9387000000,1729000000,0,0,0,27430000000,-80630000000,3377000000,-21879000000,28144000000,30712000000,2568000000,5934000000,5934000000,0,0,52420000000,3643000000,-27069000000,0,-15476000000,0,27430000000,BAC,Finanzas,2019,22,Bank of America Corp
136,2018-12-31,39520000000,19087000000,0,0,-13049000000,2063000000,0,0,0,28147000000,-71468000000,53118000000,-12478000000,20094000000,24606000000,4512000000,6895000000,6895000000,0,0,64278000000,4515000000,-20091000000,0,19970000000,-1200000000,28147000000,BAC,Finanzas,2018,22,Bank of America Corp
137,2023-12-31,40358000000,30431000000,0,4615000000,7111000000,6271000000,0,0,0,19029000000,16043000000,20494000000,38414000000,11851000000,11851000000,0,5930000000,4789000000,1141000000,0,49071000000,1722000000,-10129000000,0,0,0,19142000000,WFC,Finanzas,2023,23,Wells Fargo & Company
138,2022-12-31,27048000000,8289000000,0,-231000000,-14025000000,553000000,0,0,0,13378000000,-42476000000,-59645000000,16564000000,6033000000,6033000000,0,5293000000,4178000000,1115000000,0,53737000000,0,-6033000000,0,-75073000000,0,13677000000,WFC,Finanzas,2022,23,Wells Fargo & Company
139,2021-12-31,-11525000000,4384000000,0,1467000000,24111000000,530000000,0,0,0,23238000000,-7619000000,-11238000000,-24590000000,14464000000,14464000000,0,3627000000,2422000000,1205000000,0,1275000000,5756000000,-8708000000,0,-30382000000,0,21548000000,WFC,Finanzas,2021,23,Wells Fargo & Company
140,2020-12-31,2051000000,8414000000,0,1520000000,-27596000000,711000000,0,0,0,3662000000,122554000000,-1243000000,-45513000000,3415000000,3415000000,0,6142000000,4852000000,1290000000,571000000,38136000000,3116000000,272000000,0,123362000000,0,3377000000,WFC,Finanzas,2020,23,Wells Fargo & Company
141,2019-12-31,6730000000,26391000000,0,2429000000,-22642000000,382000000,513000000,0,0,20041000000,-29631000000,-9136000000,-1275000000,24533000000,24533000000,0,9589000000,8198000000,1391000000,380000000,53381000000,0,-24153000000,0,-32037000000,0,19715000000,WFC,Finanzas,2019,23,Wells Fargo & Company
142,2018-12-31,36073000000,16343000000,0,-865000000,-43869000000,1324000000,5288000000,0,0,22876000000,-7754000000,-70979000000,2531000000,20633000000,20633000000,0,9314000000,7692000000,1622000000,632000000,47595000000,0,-20001000000,0,18125000000,0,22393000000,WFC,Finanzas,2018,23,Wells Fargo & Company
143,2023-12-31,-33536000000,42832000000,0,-4134000000,48141000000,601000000,3412000000,-602000000,3284000000,9230000000,-3084000000,-2726000000,0,0,0,0,5763000000,5763000000,0,0,0,0,-6178000000,0,0,0,9087000000,MS,Finanzas,2023,24,Morgan Stanley
144,2022-12-31,-6397000000,10700000000,0,-1171000000,28419000000,610000000,3078000000,-14664000000,0,11179000000,-11632000000,22714000000,0,0,0,0,5401000000,5401000000,0,0,0,994000000,994000000,0,4685000000,0,11029000000,MS,Finanzas,2022,24,Morgan Stanley
145,2021-12-31,33971000000,2182000000,0,23927000000,7473000000,612000000,2308000000,-774000000,7836000000,15120000000,-49897000000,41547000000,0,0,0,0,4171000000,4171000000,0,0,0,1275000000,0,0,25621000000,0,15034000000,MS,Finanzas,2021,24,Morgan Stanley
146,2020-12-31,-25231000000,4885000000,0,5033000000,19300000000,373000000,1444000000,29774000000,-31623000000,11179000000,-37898000000,83784000000,0,0,0,0,2739000000,2739000000,0,0,0,0,-1890000000,0,20655000000,0,10996000000,MS,Finanzas,2020,24,Morgan Stanley
147,2019-12-31,40773000000,13196000000,0,20981000000,3671000000,314000000,1826000000,-233000000,14739000000,9237000000,-33561000000,-11966000000,0,0,0,0,2627000000,2627000000,0,0,0,0,0,0,-4754000000,0,9042000000,MS,Finanzas,2019,24,Morgan Stanley
148,2018-12-31,7305000000,9977000000,0,-21412000000,-30701000000,344000000,1865000000,728000000,-20929000000,8883000000,-22881000000,24205000000,0,0,0,0,2375000000,2375000000,0,0,0,0,-5566000000,0,6801000000,-1828000000,8748000000,MS,Finanzas,2018,24,Morgan Stanley
149,2023-12-31,17723000000,1913000000,0,6338000000,4823000000,4211000000,3166000000,1805000000,1104000000,3380000000,-3039000000,-4527000000,87000000,12870000000,12870000000,0,3239000000,3239000000,0,0,12914000000,0,-12848000000,0,0,0,3195000000,RTX,Industriales,2023,25,Raytheon Technologies Corp
150,2022-12-31,17487000000,1781000000,0,2921000000,2399000000,4108000000,2775000000,-437000000,1575000000,5308000000,-2829000000,-5859000000,-29000000,2803000000,2803000000,0,3128000000,3128000000,0,0,1000000,0,-2783000000,0,-1520000000,0,5197000000,RTX,Industriales,2022,25,Raytheon Technologies Corp
151,2021-12-31,15092000000,1905000000,0,2289000000,2567000000,4557000000,2322000000,570000000,-163000000,4112000000,-1364000000,-6685000000,47000000,2327000000,2327000000,0,2957000000,2957000000,0,0,4062000000,0,-2313000000,0,7042000000,-1000000,3864000000,RTX,Industriales,2021,25,Raytheon Technologies Corp
152,2020-12-31,5927000000,3088000000,0,-537000000,-1348000000,4156000000,1795000000,-1318000000,-412000000,-3295000000,3343000000,-3860000000,-2201000000,47000000,47000000,0,2732000000,2732000000,0,0,2004000000,0,-17000000,0,3005000000,-22000000,-3519000000,RTX,Industriales,2020,25,Raytheon Technologies Corp
153,2019-12-31,18590000000,2665000000,0,1588000000,1007000000,2708000000,1868000000,-88000000,1267000000,5948000000,-2676000000,-1913000000,896000000,151000000,151000000,0,2442000000,2442000000,0,0,88000000,0,-97000000,0,10915000000,-19000000,5537000000,RTX,Industriales,2019,25,Raytheon Technologies Corp
154,2018-12-31,13284000000,1174000000,0,2651000000,3406000000,1896000000,1467000000,1147000000,417000000,5654000000,-17259000000,12209000000,-370000000,325000000,325000000,0,2170000000,2170000000,0,0,13455000000,0,-253000000,0,4156000000,-120000000,5269000000,RTX,Industriales,2018,25,Raytheon Technologies Corp
155,2023-12-31,5340000000,1433000000,0,755000000,370000000,1176000000,1039000000,42000000,626000000,5672000000,-1293000000,-5763000000,-672000000,3715000000,3715000000,0,2855000000,2855000000,0,0,2986000000,0,-3519000000,0,0,0,5658000000,HON,Industriales,2023,26,Honeywell International Inc
156,2022-12-31,5274000000,1130000000,0,202000000,947000000,1204000000,766000000,739000000,440000000,4967000000,-93000000,-6330000000,-786000000,4200000000,4200000000,0,2719000000,2719000000,0,0,2953000000,0,-3880000000,0,-1149000000,0,4966000000,HON,Industriales,2022,26,Honeywell International Inc
157,2021-12-31,6038000000,1213000000,0,1257000000,969000000,1138000000,895000000,8000000,685000000,5610000000,-1061000000,-8254000000,4000000,3380000000,3380000000,0,2626000000,2626000000,0,0,2517000000,0,-3151000000,0,-3277000000,0,5542000000,HON,Industriales,2021,26,Honeywell International Inc
158,2020-12-31,6208000000,1394000000,0,570000000,-1302000000,1003000000,906000000,-669000000,67000000,4865000000,-987000000,-81000000,74000000,3714000000,3714000000,0,2592000000,2592000000,0,0,10125000000,0,-3321000000,0,5140000000,0,4779000000,HON,Industriales,2020,26,Honeywell International Inc
159,2019-12-31,6897000000,1183000000,0,563000000,519000000,1088000000,839000000,-11000000,100000000,6230000000,-533000000,-6600000000,0,4400000000,4400000000,0,2442000000,2442000000,0,0,2726000000,0,-3902000000,0,-236000000,0,6143000000,HON,Industriales,2019,26,Honeywell International Inc
160,2018-12-31,6434000000,936000000,0,807000000,521000000,1116000000,828000000,236000000,503000000,6828000000,1027000000,-5032000000,-204000000,4000000000,4000000000,0,2272000000,2272000000,0,0,27000000,0,-3733000000,0,2228000000,-201000000,6765000000,HON,Industriales,2018,26,Honeywell International Inc
161,2023-12-31,5960000000,323000000,0,4454000000,1099000000,1861000000,1527000000,128000000,1681000000,-2242000000,-2437000000,-5487000000,0,0,0,0,0,0,0,0,0,0,45000000,0,0,0,-2222000000,BA,Industriales,2023,27,The Boeing Company
162,2022-12-31,3512000000,294000000,0,2366000000,23000000,1979000000,1222000000,-142000000,-420000000,-5053000000,4370000000,-1266000000,0,0,0,0,10000000,10000000,0,0,0,0,50000000,0,6616000000,0,-4935000000,BA,Industriales,2022,27,The Boeing Company
163,2021-12-31,-3416000000,301000000,1700000000,-6143000000,2081000000,2144000000,980000000,713000000,1127000000,-4290000000,9324000000,-5600000000,0,0,0,0,24000000,24000000,0,0,0,0,42000000,0,308000000,0,-4202000000,BA,Industriales,2021,27,The Boeing Company
164,2020-12-31,-18410000000,299000000,0,-6365000000,8802000000,2246000000,1303000000,-909000000,11002000000,-11941000000,-18366000000,34955000000,0,0,0,0,1158000000,1158000000,0,0,0,0,36000000,0,-1811000000,0,-11873000000,BA,Industriales,2020,27,The Boeing Company
165,2019-12-31,-2446000000,277000000,0,7983000000,12470000000,2271000000,1961000000,-603000000,12391000000,-636000000,-1530000000,5739000000,0,2651000000,2651000000,0,4630000000,4630000000,0,0,0,0,-2593000000,0,1758000000,0,-636000000,BA,Industriales,2019,27,The Boeing Company
166,2018-12-31,15322000000,0,0,1053000000,129000000,2114000000,1791000000,795000000,-568000000,10460000000,-4621000000,-11722000000,0,9000000000,9000000000,0,3946000000,3946000000,0,0,0,0,-8919000000,0,-1074000000,0,10460000000,BA,Industriales,2018,27,The Boeing Company
167,2023-12-31,5179000000,2077000000,0,-1077000000,2357000000,606000000,1595000000,833000000,1524000000,9443000000,3977000000,-8613000000,-55000000,1233000000,7028000000,5795000000,589000000,589000000,0,0,0,0,-7028000000,0,0,0,9481000000,GE,Industriales,2023,28,GE Aerospace
168,2022-12-31,5916000000,4254000000,0,1308000000,5352000000,1742000000,1174000000,2719000000,1925000000,407000000,2270000000,-5585000000,65000000,1048000000,1048000000,144000000,639000000,639000000,0,0,0,0,-1048000000,0,2601000000,0,339000000,GE,Industriales,2022,28,GE Aerospace
169,2021-12-31,3332000000,5079000000,0,-1472000000,879000000,1138000000,1361000000,177000000,702000000,-6591000000,21308000000,-45177000000,-710000000,0,107000000,0,575000000,575000000,0,0,0,0,-107000000,0,-20537000000,0,-6520000000,GE,Industriales,2021,28,GE Aerospace
170,2020-12-31,3568000000,5470000000,0,-4274000000,234000000,6018000000,3403000000,1319000000,-1105000000,5546000000,16671000000,-19852000000,-4168000000,0,28000000,0,648000000,648000000,0,0,0,0,0,0,387000000,0,5704000000,GE,Industriales,2020,28,GE Aerospace
171,2019-12-31,8734000000,6330000000,0,1451000000,2843000000,5595000000,6095000000,2851000000,1581000000,-4912000000,8977000000,-16133000000,280000000,0,0,0,649000000,649000000,0,0,0,0,29000000,0,1578000000,0,-4979000000,GE,Industriales,2019,28,GE Aerospace
172,2018-12-31,4978000000,6346000000,0,-5185000000,-2584000000,8223000000,8056000000,-1366000000,573000000,-22443000000,18280000000,-31806000000,-4436000000,0,0,0,4474000000,4474000000,0,0,0,0,-17000000,0,-8548000000,0,-22355000000,GE,Industriales,2018,28,GE Aerospace
173,2023-12-31,12885000000,4913000000,0,561000000,896000000,2144000000,3092000000,437000000,364000000,10332000000,-5871000000,-6932000000,-1345000000,4975000000,4975000000,0,2563000000,2563000000,0,0,0,0,-4963000000,0,0,0,10335000000,CAT,Industriales,2023,29,Caterpillar Inc
174,2022-12-31,7766000000,4312000000,0,1129000000,3019000000,2219000000,2599000000,220000000,2589000000,6704000000,-2541000000,-7281000000,402000000,4230000000,4230000000,0,2440000000,2440000000,0,0,0,0,-4179000000,0,-2056000000,0,6705000000,CAT,Industriales,2022,29,Caterpillar Inc
175,2021-12-31,7198000000,3080000000,0,2188000000,3942000000,2352000000,2472000000,1259000000,2586000000,6493000000,-3084000000,-4188000000,3488000000,2668000000,2668000000,0,2332000000,2332000000,0,0,0,0,-2533000000,0,-74000000,0,6489000000,CAT,Industriales,2021,29,Caterpillar Inc
176,2020-12-31,6327000000,2756000000,0,-1080000000,-1207000000,2432000000,2115000000,-1442000000,34000000,3003000000,-1485000000,-3755000000,-2804000000,1130000000,1130000000,0,2243000000,2243000000,0,0,0,0,-901000000,0,1087000000,0,2998000000,CAT,Industriales,2020,29,Caterpillar Inc
177,2019-12-31,6912000000,3213000000,0,-2515000000,-352000000,2577000000,1056000000,-171000000,-274000000,6094000000,-1928000000,-4538000000,-138000000,4047000000,4047000000,0,2132000000,2132000000,0,0,0,0,-3809000000,0,402000000,-44000000,6093000000,CAT,Industriales,2019,29,Caterpillar Inc
178,2018-12-31,6558000000,2793000000,0,-575000000,3157000000,2766000000,1276000000,1619000000,1579000000,6148000000,-3212000000,-3650000000,762000000,3798000000,3800000000,0,1951000000,1951000000,0,0,0,0,-3487000000,0,-430000000,-126000000,6147000000,CAT,Industriales,2018,29,Caterpillar Inc
179,2023-12-31,5373058000,457021000,0,255059000,102610000,74589000,4195714000,0,0,3253145000,-6419397000,1320282000,-567076000,0,0,0,3228589000,3228589000,0,0,0,0,0,0,0,0,3059214000,PLD,Inmobiliario,2023,30,Prologis Inc
180,2022-12-31,4126430000,234131000,0,109030000,71307000,23736000,5610487000,0,71307000,3555398000,-4499057000,115789000,294164000,0,0,0,2494723000,2571267000,0,0,0,0,0,0,-256838000,0,3364856000,PLD,Inmobiliario,2022,30,Prologis Inc
181,2021-12-31,2996042000,278861000,0,176858000,328511000,8656000,4960320000,0,328511000,3148590000,-1990058000,-1008325000,323336000,0,0,0,1872861000,1872861000,0,0,0,0,743000,0,-41969000,-39628000,2939723000,PLD,Inmobiliario,2021,30,Prologis Inc
182,2020-12-31,2937005000,309390000,0,94105000,127619000,7859000,3159252000,0,127619000,1616630000,-3074330000,-372162000,-10959000,0,34829000,0,1722989000,1722989000,0,0,0,0,-32612000,0,-490769000,18718000,1481814000,PLD,Inmobiliario,2020,30,Prologis Inc
183,2019-12-31,2264034000,214375000,0,115219000,108165000,17006000,2801180000,0,108165000,1701846000,-685350000,-839599000,127566000,0,0,0,1345660000,1345660000,0,0,0,0,6082000,0,744999000,5914000,1572959000,PLD,Inmobiliario,2019,30,Prologis Inc
184,2018-12-31,1803559000,205485000,0,30125000,72955000,12653000,1953144000,0,0,1822960000,-663796000,-1232101000,-674559000,0,0,0,1123367000,1123367000,0,0,4899680000,0,6891000,0,-103190000,-10852000,1649361000,PLD,Inmobiliario,2018,30,Prologis Inc
185,2023-12-31,4722400000,2973100000,31500000,10300000,377100000,3088300000,1798100000,34500000,46400000,1367100000,-1695500000,-3097400000,6120000000,0,0,0,2995800000,2949300000,0,0,6978300000,0,22100000,0,0,0,1483300000,AMT,Inmobiliario,2023,31,American Tower Corp
186,2022-12-31,3696200000,2706000000,33900000,-842000000,274700000,3445500000,1902500000,78600000,0,1696700000,-2355200000,-1423200000,4190000000,18800000,0,0,2641300000,2630400000,0,2291700000,1293600000,0,13600000,0,-82200000,0,1765800000,AMT,Inmobiliario,2022,31,American Tower Corp
187,2021-12-31,4819900000,2276800000,46700000,782400000,224900000,2422900000,1407800000,191700000,15100000,2567600000,-20692200000,16424500000,12856900000,0,0,0,2494200000,2271000000,0,2361800000,14108600000,0,96800000,0,552200000,0,2567700000,AMT,Inmobiliario,2021,31,American Tower Corp
188,2020-12-31,3881400000,2031900000,27000000,-8700000,91100000,1977400000,1071200000,175500000,143100000,1691500000,-4784600000,1215300000,8230400000,56000000,56000000,0,1940500000,1928200000,0,0,9865100000,0,42100000,0,312100000,0,1690600000,AMT,Inmobiliario,2020,31,American Tower Corp
189,2019-12-31,3752600000,2025800000,11200000,-44200000,55100000,1890800000,1038900000,-12500000,-32600000,1916600000,-3987500000,521700000,5750000000,19600000,19600000,0,1614800000,1603000000,0,0,6176700000,0,85900000,0,286800000,0,1887800000,AMT,Inmobiliario,2019,31,American Tower Corp
190,2018-12-31,3748300000,789700000,25000000,141100000,133800000,2049300000,945200000,32100000,-107300000,1264700000,-2749500000,-607700000,3263300000,232800000,232800000,0,1342400000,1323500000,18900000,0,2584900000,0,-133900000,0,391100000,0,1236400000,AMT,Inmobiliario,2018,31,American Tower Corp
191,2023-12-31,3126000000,1454000000,0,-243000000,128000000,1958000000,1424000000,-115000000,0,1502000000,-1519000000,-1654000000,-1876000000,30000000,30000000,0,2723000000,2723000000,0,0,3843000000,0,-30000000,0,0,0,1502000000,CCI,Inmobiliario,2023,32,Crown Castle
192,2022-12-31,2878000000,1327000000,0,-286000000,461000000,1845000000,1310000000,49000000,49000000,1675000000,-1352000000,-1665000000,1616000000,65000000,65000000,0,2602000000,2602000000,0,0,748000000,0,-65000000,0,-139000000,0,1675000000,CCI,Inmobiliario,2022,32,Crown Castle
193,2021-12-31,2789000000,1273000000,0,-120000000,-226000000,1857000000,1229000000,113000000,113000000,1096000000,-1332000000,-1310000000,355000000,70000000,70000000,0,2373000000,2373000000,0,0,3985000000,0,-70000000,0,232000000,0,1096000000,CCI,Inmobiliario,2021,32,Crown Castle
194,2020-12-31,3055000000,1191000000,0,-111000000,181000000,1856000000,1624000000,-166000000,-166000000,1056000000,-1741000000,-1271000000,-105000000,76000000,76000000,0,2190000000,2105000000,85000000,0,3733000000,0,-76000000,0,86000000,0,1056000000,CCI,Inmobiliario,2020,32,Crown Castle
195,2019-12-31,2698000000,541000000,0,294000000,-167000000,1317000000,2057000000,-96000000,96000000,860000000,-2081000000,-692000000,4925000000,44000000,-44000000,0,2025000000,1912000000,113000000,0,1894000000,0,44000000,0,-150000000,0,860000000,CCI,Inmobiliario,2019,32,Crown Castle
196,2018-12-31,2500000000,0,0,276000000,219000000,1121000000,1739000000,-105000000,0,622000000,-1793000000,-733000000,95000000,34000000,34000000,0,1895000000,1782000000,113000000,0,2742000000,0,807000000,0,-53000000,-1000000,559000000,CCI,Inmobiliario,2018,32,Crown Castle
197,2023-12-31,3930793000,907077000,0,0,-729000,29093000,793283000,11802000,11802000,2617018000,-1363181000,-2020249000,0,140593000,140593000,0,355548000,2439233000,0,0,0,0,-140593000,0,0,0,2283126000,SPG,Inmobiliario,2023,33,Simon Property Group Inc
198,2022-12-31,3766604000,810957000,0,0,-19987000,26120000,650024000,-63350000,-63350000,2452385000,-626564000,-3052348000,0,180387000,180387000,0,326550000,2592472000,0,0,0,0,-180387000,0,87692000,0,2139535000,SPG,Inmobiliario,2022,33,Simon Property Group Inc
199,2021-12-31,3637402000,870006000,0,0,-195855000,24962000,527935000,-265352000,-265351999,2568707000,-552764000,-3562315000,0,0,0,0,337021000,2690700000,0,0,0,0,-4866000,0,-477677000,0,2249631000,SPG,Inmobiliario,2021,33,Simon Property Group Inc
200,2020-12-31,2326698000,798876000,0,0,424470000,23250000,484119000,415911000,415911000,1277324000,-3978398000,1993940000,0,152589000,152589000,0,219095000,1664193000,0,0,0,0,-152589000,0,342240000,0,1112564000,SPG,Inmobiliario,2020,33,Simon Property Group Inc
201,2019-12-31,3807831000,852247000,0,0,41283000,23070000,876011000,157000,157000,2423188000,-1076707000,-2576086000,0,359773000,359773000,0,388542000,2949401000,0,0,0,0,-359773000,0,155038000,0,2101584000,SPG,Inmobiliario,2019,33,Simon Property Group Inc
202,2018-12-31,3750796000,811971000,0,0,77744000,79709000,781909000,17518000,-216135,2822343000,-236506000,-4482264000,0,354108000,354108000,0,2449071000,2821642000,0,0,0,0,-354108000,0,-967974000,0,2440058000,SPG,Inmobiliario,2018,33,Simon Property Group Inc
203,2023-12-31,3216595000,939672000,0,78078000,294279000,1845138000,2781018000,148412000,0,968980000,-3224364000,211446000,0,0,0,0,1374168000,1374168000,0,733651000,902092000,0,820499000,0,0,0,969178000,EQIX,Inmobiliario,2023,34,Equinix Inc
204,2022-12-31,2963182000,859282000,0,90899000,225847000,1736208000,2278004000,173571000,0,704577000,-3362953000,856766000,0,0,0,0,1151459000,1151459000,0,796018000,1870538000,0,877561000,0,456995000,0,704345000,EQIX,Inmobiliario,2022,34,Equinix Inc
205,2021-12-31,2547206000,908601000,0,-140581000,119339000,1656290000,2751512000,5071000,-64596000,499728000,-3006738000,413765000,0,0,0,0,1042909000,1042909000,0,497870000,3878662000,0,575498000,0,-45767000,0,500191000,EQIX,Inmobiliario,2021,34,Equinix Inc
206,2020-12-31,2309826000,931704000,0,148430000,117421000,1423369000,2282504000,-12396000,10787000,370074000,-3426972000,815526000,0,0,0,0,947933000,947933000,0,1981375000,5182417000,0,2043493000,0,-301620000,0,369777000,EQIX,Inmobiliario,2020,34,Equinix Inc
207,2019-12-31,1992728000,976031000,0,4299000,159159000,1284837000,2079521000,59015000,-3060000,507245000,-1944567000,1202082000,0,0,0,0,836164000,836164000,0,1660976000,2797906000,0,1712994000,0,1250243000,0,507450000,EQIX,Inmobiliario,2019,34,Equinix Inc
208,2018-12-31,1815426000,570290000,0,67220000,101441000,1227489000,2096174000,53806000,-15910000,365359000,-3075528000,470912000,0,0,0,0,738600000,738600000,0,388172000,424650000,0,438308000,0,-789190000,0,365359000,EQIX,Inmobiliario,2018,34,Equinix Inc
209,2023-12-31,9305000000,2701000000,0,-168000000,147000000,3816000000,3787000000,86000000,127000000,6341000000,-4670000000,-5400000000,554000000,3958000000,3958000000,0,2482000000,2482000000,0,33000000,2188000000,0,-3925000000,0,0,0,6199000000,LIN,Materiales,2023,35,Linde plc Ordinary Shares
210,2022-12-31,8864000000,2210000000,0,307000000,927000000,4204000000,3173000000,423000000,347000000,4281000000,-3088000000,-3089000000,3050000000,5168000000,5168000000,0,2344000000,2344000000,0,36000000,3210000000,0,-5132000000,0,0,0,4147000000,LIN,Materiales,2022,35,Linde plc Ordinary Shares
211,2021-12-31,9725000000,2450000000,0,447000000,606000000,4635000000,3086000000,553000000,129000000,3961000000,-3007000000,-7588000000,-1329000000,4612000000,4612000000,0,2189000000,2189000000,0,50000000,2283000000,0,-4562000000,0,7145000000,0,3826000000,LIN,Materiales,2021,35,Linde plc Ordinary Shares
212,2020-12-31,7429000000,2017000000,0,109000000,-165000000,4626000000,3400000000,-19000000,-18000000,2626000000,-2986000000,-3345000000,1198000000,2457000000,2457000000,0,2028000000,2028000000,0,47000000,2796000000,0,-2410000000,0,7984000000,0,2501000000,LIN,Materiales,2020,35,Linde plc Ordinary Shares
213,2019-12-31,12212000000,2327000000,0,-174000000,73000000,4675000000,3682000000,-80000000,81000000,2379000000,1129000000,-8992000000,224000000,2658000000,2658000000,0,1891000000,1891000000,0,72000000,99000000,0,-2586000000,0,4363000000,0,2285000000,LIN,Materiales,2019,35,Linde plc Ordinary Shares
214,2018-12-31,9970000000,1058000000,0,287000000,85000000,1830000000,1883000000,124000000,4000000,4402000000,5363000000,-4998000000,208000000,599000000,599000000,0,1166000000,1166000000,0,77000000,8000000,0,-522000000,0,3986000000,-60000000,4381000000,LIN,Materiales,2018,35,Linde plc Ordinary Shares
215,2023-12-31,3521900000,1782300000,0,-174300000,-434800000,622500000,888400000,-111400000,-323400000,2388800000,-1039300000,-2424600000,-603900000,0,1432000000,0,623700000,623700000,0,0,0,0,-1320400000,0,0,0,2388800000,SHW,Materiales,2023,36,Sherwin-Williams Co
216,2022-12-31,1919900000,1460800000,0,74300000,819300000,581100000,644500000,152600000,666700000,2020100000,-1607600000,-282400000,214400000,0,883200000,0,618500000,618500000,0,0,999700000,0,-793900000,22000000,29900000,0,2020100000,SHW,Materiales,2022,36,Sherwin-Williams Co
217,2021-12-31,2244600000,1307800000,0,302500000,554400000,572600000,372000000,326300000,228100000,1480200000,-476400000,-1834000000,763900000,0,2752300000,0,587100000,587100000,0,0,994800000,0,-2547800000,11700000,-65800000,0,1864400000,SHW,Materiales,2021,36,Sherwin-Williams Co
218,2020-12-31,3408600000,1263100000,0,524100000,-135300000,581400000,303800000,-50900000,-84400000,1541600000,-322400000,-3020100000,-204600000,0,2446300000,0,488000000,488000000,0,0,999000000,0,-2081200000,182400000,66100000,0,2030400000,SHW,Materiales,2020,36,Sherwin-Williams Co
219,2019-12-31,2321300000,1213400000,0,90900000,196500000,574900000,328900000,121000000,75500000,1100800000,-462600000,-1846400000,-122800000,0,778800000,0,420800000,420800000,0,0,1332800000,0,-624200000,0,12300000,0,1541300000,SHW,Materiales,2019,36,Sherwin-Williams Co
220,2018-12-31,1943700000,331143000,0,121143000,80994000,596169000,251000000,-38516000,119500000,857842000,-251600000,-1746700000,-300942000,0,613300000,0,322900000,322934000,0,0,0,0,-522567000,0,-48708000,5885000,1108700000,SHW,Materiales,2018,36,Sherwin-Williams Co
221,2023-12-31,5279000000,2789000000,1000000,-144000000,736000000,2068000000,4824000000,-166000000,873000000,3751000000,-4956000000,-2650000000,0,0,0,0,1488000000,863000000,0,0,0,0,47000000,0,0,0,1848000000,FCX,Materiales,2023,37,Freeport-McMoran Copper & Gold Inc
222,2022-12-31,5139000000,3809000000,46000000,-999000000,529000000,2019000000,3469000000,-56000000,573000000,4479000000,-3440000000,-1623000000,0,1347000000,1347000000,0,1706000000,866000000,0,0,0,0,-1222000000,0,76000000,0,3468000000,FCX,Materiales,2022,37,Freeport-McMoran Copper & Gold Inc
223,2021-12-31,7715000000,2304000000,109000000,1946000000,1191000000,1998000000,2115000000,472000000,618000000,5365000000,-1964000000,-1340000000,0,488000000,488000000,0,914000000,331000000,0,0,0,0,-278000000,0,4411000000,0,6424000000,FCX,Materiales,2021,37,Freeport-McMoran Copper & Gold Inc
224,2020-12-31,3017000000,1186000000,265000000,518000000,-147000000,1528000000,1961000000,-132000000,-42000000,865000000,-1264000000,-128000000,0,0,0,0,0,73000000,0,0,0,0,0,0,1625000000,0,599000000,FCX,Materiales,2020,37,Freeport-McMoran Copper & Gold Inc
225,2019-12-31,1482000000,1489000000,306000000,-89000000,-438000000,1412000000,2652000000,-119000000,-259000000,-189000000,-2103000000,-1556000000,0,0,0,0,0,291000000,0,0,0,0,0,0,-2177000000,0,-239000000,FCX,Materiales,2019,37,Freeport-McMoran Copper & Gold Inc
226,2018-12-31,3863000000,2791000000,108000000,-578000000,10000000,1754000000,1971000000,-649000000,537000000,2894000000,-5018000000,900000000,0,0,0,0,496000000,218000000,0,3500000000,0,0,0,0,-255000000,0,2602000000,FCX,Materiales,2018,37,Freeport-McMoran Copper & Gold Inc
227,2023-09-30,6253700000,476100000,129200000,-213300000,12900000,1358300000,4626400000,-116500000,129400000,2338600000,-5916400000,1609600000,268200000,0,0,0,1496600000,1496600000,0,0,3516200000,0,24000000,0,0,0,2300200000,APD,Materiales,2023,38,Air Products and Chemicals Inc
228,2022-09-30,6341900000,256500000,153100000,532500000,477300000,1338200000,2926500000,383000000,94300000,2266500000,-3857200000,-1000600000,17900000,0,0,0,1383300000,1383300000,0,0,766200000,0,19300000,0,-1687200000,0,2256100000,APD,Materiales,2022,38,Air Products and Chemicals Inc
229,2021-09-30,6683200000,249200000,166200000,187900000,3400000,1321300000,2464200000,-43800000,47200000,2114900000,-2732900000,-1420900000,1000000,0,0,0,1256700000,1256700000,0,0,178900000,0,10600000,0,2536100000,0,2099100000,APD,Materiales,2021,38,Air Products and Chemicals Inc
230,2020-09-30,6440300000,170700000,162800000,-31900000,-214000000,1185000000,2509000000,-219200000,5200000,1931100000,-3560000000,3284700000,-54900000,0,0,0,1103600000,1103600000,0,0,4895800000,0,34100000,0,6165000000,0,1886700000,APD,Materiales,2020,38,Air Products and Chemicals Inc
231,2019-09-30,5877400000,162800000,171600000,-41800000,-102400000,1082800000,1989700000,-105400000,3000000,1809400000,-2113400000,-1370500000,3900000,0,0,0,994000000,994000000,0,0,0,0,68100000,0,2393500000,0,1760000000,APD,Materiales,2019,38,Air Products and Chemicals Inc
232,2018-09-30,4990900000,123100000,182700000,-277700000,-114000000,970700000,1568400000,-178200000,64200000,1532900000,-1630500000,-1359800000,-78500000,0,0,0,897800000,897800000,0,0,500000,0,76200000,0,-482300000,-33900000,1497800000,APD,Materiales,2018,38,Air Products and Chemicals Inc
233,2023-12-31,2763000000,515000000,0,-136000000,377000000,2108000000,2666000000,240000000,187000000,-2467000000,-1002000000,-1603000000,0,0,0,0,1415000000,1415000000,0,0,0,0,-25000000,0,0,0,-2494000000,NEM,Materiales,2023,39,Newmont Goldcorp Corp
234,2022-12-31,3220000000,420000000,0,-601000000,240000000,2185000000,2131000000,-5000000,161000000,-369000000,-2983000000,-2356000000,0,0,0,0,1746000000,1746000000,0,0,0,0,-74000000,0,-2119000000,0,-429000000,NEM,Materiales,2022,39,Newmont Goldcorp Corp
235,2021-12-31,4279000000,400000000,0,-583000000,-42000000,2323000000,1653000000,-142000000,136000000,233000000,-1868000000,-2958000000,0,525000000,525000000,0,1757000000,1757000000,0,0,992000000,0,-525000000,0,-547000000,0,1166000000,NEM,Materiales,2021,39,Newmont Goldcorp Corp
236,2020-12-31,4882000000,386000000,0,371000000,76000000,2300000000,1302000000,-29000000,139000000,2791000000,91000000,-1680000000,0,521000000,521000000,0,834000000,834000000,0,0,985000000,0,-470000000,0,3293000000,0,2829000000,NEM,Materiales,2020,39,Newmont Goldcorp Corp
237,2019-12-31,2866000000,403000000,0,-13000000,296000000,1960000000,1463000000,193000000,132000000,2884000000,-1226000000,-2777000000,0,479000000,479000000,0,889000000,889000000,0,0,690000000,0,0,0,-1137000000,0,2805000000,NEM,Materiales,2019,39,Newmont Goldcorp Corp
238,2018-12-31,1827000000,221000000,0,-145000000,408000000,1215000000,1032000000,109000000,250000000,380000000,-1177000000,-455000000,0,98000000,98000000,0,301000000,301000000,0,0,0,0,-98000000,0,195000000,0,341000000,NEM,Materiales,2018,39,Newmont Goldcorp Corp
239,2023-12-31,29068000000,242691000000,0,6998000000,5558000000,2700000000,3386000000,3114000000,1038000000,23144000000,-15574000000,-11529000000,11000000,8000000000,8000000000,0,6761000000,6761000000,0,1353000000,6394000000,0,-6647000000,0,0,0,22381000000,UNH,Salud,2023,40,UnitedHealth Group Incorporated
240,2022-12-31,26206000000,209518000000,0,6017000000,3897000000,2400000000,2802000000,2523000000,0,20639000000,-28476000000,4226000000,732000000,7000000000,7000000000,0,5991000000,5991000000,0,1253000000,14819000000,0,-5747000000,0,1956000000,0,20120000000,UNH,Salud,2022,40,UnitedHealth Group Incorporated
241,2021-12-31,22343000000,186962000000,0,3863000000,2031000000,2196000000,2454000000,1000000000,-1031000000,17732000000,-10372000000,-7455000000,-1302000000,5000000000,5000000000,0,5280000000,5280000000,0,1355000000,6933000000,0,-3645000000,0,4454000000,-62000000,17285000000,UNH,Salud,2021,40,UnitedHealth Group Incorporated
242,2020-12-31,22174000000,162099000000,0,5500000000,2883000000,2097000000,2051000000,688000000,-2195000000,15769000000,-12532000000,-3590000000,872000000,4250000000,4250000000,0,4584000000,4584000000,0,1440000000,4864000000,0,-2810000000,0,5936000000,-116000000,15403000000,UNH,Salud,2020,40,UnitedHealth Group Incorporated
243,2019-12-31,18463000000,157693000000,0,1954000000,1401000000,1995000000,2071000000,-162000000,-1563000000,14239000000,-12699000000,-5625000000,300000000,5500000000,5500000000,0,3932000000,3932000000,0,1037000000,5444000000,0,-4463000000,0,119000000,-20000000,13839000000,UNH,Salud,2019,40,UnitedHealth Group Incorporated
244,2018-12-31,15713000000,143722000000,0,2357000000,2101000000,1822000000,2063000000,1351000000,-750000000,12382000000,-12385000000,-4365000000,-201000000,4500000000,4500000000,0,3320000000,3320000000,0,838000000,6935000000,0,-3662000000,0,-1115000000,-78000000,11986000000,UNH,Salud,2018,40,UnitedHealth Group Incorporated
245,2023-12-31,22791000000,10540000000,0,7934000000,5427000000,7486000000,4543000000,624000000,1323000000,56137000000,878000000,-15825000000,-9230000000,5054000000,5054000000,0,11770000000,11770000000,0,0,0,0,-813000000,0,0,0,35153000000,JNJ,Salud,2023,41,Johnson & Johnson
246,2022-12-31,21194000000,6356000000,0,-881000000,3130000000,6970000000,4009000000,1290000000,2527000000,17941000000,-12371000000,-8871000000,9584000000,6035000000,6035000000,0,11682000000,11682000000,0,0,2000000,0,-6035000000,0,-48000000,0,17941000000,JNJ,Salud,2022,41,Johnson & Johnson
247,2021-12-31,23410000000,6009000000,0,1376000000,5614000000,7390000000,3652000000,2402000000,1248000000,20878000000,-8683000000,-14047000000,807000000,3456000000,3456000000,0,11032000000,11032000000,0,0,5000000,0,-3456000000,0,680000000,0,20878000000,JNJ,Salud,2021,41,Johnson & Johnson
248,2020-12-31,23536000000,5760000000,0,5885000000,3195000000,7231000000,3347000000,-774000000,265000000,14714000000,-20825000000,-6120000000,728000000,3221000000,3221000000,0,10481000000,10481000000,0,0,7431000000,0,-3221000000,0,-3409000000,0,14714000000,JNJ,Salud,2020,41,Johnson & Johnson
249,2019-12-31,23416000000,5116000000,0,5485000000,1620000000,7009000000,3498000000,289000000,277000000,15119000000,-6194000000,-18015000000,-61000000,6746000000,6746000000,0,9917000000,9917000000,0,0,3000000,0,-6746000000,0,-793000000,0,15119000000,JNJ,Salud,2019,41,Johnson & Johnson
250,2018-12-31,22201000000,5619000000,0,2107000000,2104000000,6929000000,3670000000,1185000000,644000000,15297000000,-3167000000,-18510000000,-2399000000,5868000000,5868000000,0,9494000000,9494000000,0,0,5000000,0,-5868000000,0,283000000,-241000000,15297000000,JNJ,Salud,2018,41,Johnson & Johnson
251,2023-12-31,4240100000,6134000000,0,4274400000,7219400000,1527300000,3447600000,0,1425000000,5240400000,-7152700000,3495600000,4691400000,750000000,750000000,0,4069300000,4069300000,0,0,3958500000,0,-750000000,0,0,0,5240400000,LLY,Salud,2023,42,Eli Lilly and Company
252,2022-12-31,7585700000,3146300000,0,1678300000,3578400000,1522500000,1854300000,-299600000,599700000,6244800000,-3762900000,-5406700000,1498000000,1500000000,1500000000,0,3535800000,3535800000,0,0,0,0,-1500000000,0,-1583900000,0,6244800000,LLY,Salud,2022,42,Eli Lilly and Company
253,2021-12-31,7260700000,2093500000,0,-1023800000,-477200000,1547600000,2184700000,0,235900000,11737200000,-2762300000,-4131300000,-4000000,1250000000,1250000000,0,3086800000,3086800000,0,0,2410800000,0,-1250000000,0,367100000,0,5581700000,LLY,Salud,2021,42,Eli Lilly and Company
254,2020-12-31,6499600000,1461300000,0,1593300000,1125000000,1323900000,2048300000,0,533400000,13423600000,-2258900000,-3137100000,-1494200000,500000000,500000000,0,2687100000,2687100000,0,0,2062300000,0,-500000000,0,1103600000,0,6193700000,LLY,Salud,2020,42,Eli Lilly and Company
255,2019-12-31,4836600000,1639600000,0,-699000000,798600000,1232600000,1033900000,-127200000,258700000,8318400000,-8082900000,-2324500000,995400000,4400000000,4400000000,0,2409800000,2409800000,0,0,6556400000,0,-4400000000,0,-5660700000,-89900000,8318400000,LLY,Salud,2019,42,Eli Lilly and Company
256,2018-12-31,5524500000,1325300000,0,-409800000,645400000,1609000000,1210600000,-996700000,-7800000,3232100000,1906000000,-5904900000,-2197900000,4150700000,4150700000,0,2311800000,2311800000,0,0,2477700000,0,-4150700000,0,1462000000,-63600000,3232000000,LLY,Salud,2018,42,Eli Lilly and Company
257,2023-12-31,17926000000,5785000000,0,2073000000,1964000000,3844000000,3863000000,1148000000,816000000,2266000000,-14083000000,-4810000000,0,1346000000,1346000000,0,7445000000,7445000000,0,0,5939000000,0,-1221000000,0,0,0,365000000,MRK,Salud,2023,43,Merck & Company Inc
258,2022-12-31,52888000000,4023000000,0,-504000000,805000000,3909000000,4388000000,644000000,161000000,30970000000,-4960000000,-9119000000,0,0,0,0,7012000000,7012000000,0,0,0,0,384000000,0,5016000000,0,14519000000,MRK,Salud,2022,43,Merck & Company Inc
259,2021-12-31,41769000000,3348000000,0,626000000,2707000000,3214000000,4448000000,2033000000,674000000,26944000000,-16555000000,2593000000,-3986000000,840000000,840000000,0,6610000000,6610000000,0,0,7936000000,0,-638000000,0,28156000000,0,13049000000,MRK,Salud,2021,43,Merck & Company Inc
260,2020-12-31,10253000000,3849000000,0,-307000000,1857000000,3625000000,4429000000,1002000000,895000000,7082000000,-9443000000,-2832000000,2549000000,1281000000,1281000000,0,6215000000,6215000000,0,0,4419000000,0,-1192000000,0,-2022000000,0,7067000000,MRK,Salud,2020,43,Merck & Company Inc
261,2019-12-31,13440000000,5242000000,0,-1821000000,214000000,3652000000,3369000000,-294000000,473000000,9777000000,-2629000000,-8861000000,-3710000000,4780000000,4780000000,0,5695000000,5695000000,0,0,4958000000,0,-4419000000,0,1950000000,0,9843000000,MRK,Salud,2019,43,Merck & Company Inc
262,2018-12-31,10922000000,2387000000,0,450000000,1329000000,4519000000,2615000000,418000000,911000000,6193000000,4314000000,-13160000000,5124000000,9091000000,9091000000,0,5172000000,5172000000,0,0,0,0,-8500000000,0,2076000000,0,6220000000,MRK,Salud,2018,43,Merck & Company Inc
263,2023-12-31,8700000000,2959000000,0,-687000000,1485000000,6290000000,3907000000,-347000000,1169000000,2158000000,-32278000000,26066000000,7683000000,0,0,0,9247000000,9247000000,0,0,30831000000,0,0,0,0,0,2119000000,PFE,Salud,2023,44,Pfizer Inc
264,2022-12-31,29267000000,2059000000,0,-803000000,3653000000,5064000000,3236000000,-261000000,591000000,31407000000,-15783000000,-14834000000,-218000000,2000000000,2000000000,0,8983000000,8983000000,0,0,0,0,-2000000000,0,-1350000000,0,31372000000,PFE,Salud,2022,44,Pfizer Inc
265,2021-12-31,32580000000,1854000000,0,18797000000,5993000000,5191000000,2711000000,3811000000,1125000000,22025000000,-22546000000,-9816000000,-96000000,0,0,0,8729000000,8729000000,0,0,997000000,0,0,0,218000000,0,21979000000,PFE,Salud,2021,44,Pfizer Inc
266,2020-12-31,14403000000,1975000000,0,1856000000,2131000000,4681000000,2791000000,1249000000,778000000,9195000000,-4271000000,-9649000000,-13974000000,0,0,0,8440000000,8440000000,0,0,5222000000,0,425000000,0,483000000,0,9159000000,PFE,Salud,2020,44,Pfizer Inc
267,2019-12-31,12588000000,1933000000,0,-3034000000,997000000,5755000000,2594000000,742000000,1071000000,16056000000,-3945000000,-8485000000,10628000000,8865000000,8865000000,0,8043000000,8043000000,0,0,4942000000,0,-8471000000,0,158000000,0,16026000000,PFE,Salud,2019,44,Pfizer Inc
268,2018-12-31,15827000000,1311000000,0,451000000,1377000000,6384000000,2196000000,644000000,432000000,11188000000,4525000000,-20441000000,-2343000000,12198000000,12198000000,0,7978000000,7978000000,0,0,4974000000,0,-10939000000,0,-89000000,0,11153000000,PFE,Salud,2018,44,Pfizer Inc
269,2023-12-31,11301000000,2463000000,0,-1043000000,749000000,58000000,9548000000,0,0,6282000000,-23467000000,12149000000,2308000000,0,0,0,3782000000,3782000000,0,4514000000,13857000000,0,4514000000,0,0,0,7310000000,NEE,Servicios Publicos,2023,45,Nextera Energy Inc
270,2022-12-31,8262000000,1375000000,0,1841000000,2240000000,18000000,9742000000,0,0,3246000000,-18359000000,12229000000,957000000,0,0,0,3352000000,3352000000,0,1460000000,13856000000,0,1460000000,0,2132000000,0,4147000000,NEE,Servicios Publicos,2022,45,Nextera Energy Inc
271,2021-12-31,7553000000,1323000000,0,1105000000,1729000000,25000000,7830000000,0,0,2827000000,-13591000000,5807000000,-426000000,0,0,0,3024000000,3024000000,0,14000000,16683000000,0,14000000,0,-231000000,0,3573000000,NEE,Servicios Publicos,2021,45,Nextera Energy Inc
272,2020-12-31,7983000000,1432000000,0,-6000000,667000000,27000000,7759000000,0,0,2369000000,-13699000000,6174000000,-907000000,0,0,0,2743000000,2743000000,0,0,12404000000,0,0,0,458000000,0,2919000000,NEE,Servicios Publicos,2020,45,Nextera Energy Inc
273,2019-12-31,8155000000,1799000000,0,347000000,150000000,18000000,11077000000,0,0,3388000000,-16177000000,3873000000,-4799000000,0,0,0,2408000000,2408000000,0,1494000000,13919000000,0,1494000000,0,-4149000000,0,3769000000,NEE,Servicios Publicos,2019,45,Nextera Energy Inc
274,2018-12-31,6593000000,1209000000,0,246000000,851000000,19000000,6010000000,0,0,5776000000,-10950000000,7634000000,6272000000,0,0,0,2101000000,2101000000,0,718000000,4399000000,0,718000000,0,3277000000,0,6638000000,NEE,Servicios Publicos,2018,45,Nextera Energy Inc
275,2023-12-31,9878000000,3931000000,0,-116000000,-384000000,6084000000,12604000000,-443000000,706000000,2874000000,-12475000000,2351000000,-343000000,0,0,0,3244000000,3244000000,0,8000000,10028000000,0,8000000,0,0,0,2841000000,DUK,Servicios Publicos,2023,46,Duke Energy Corporation
276,2022-12-31,5927000000,3291000000,0,1072000000,4362000000,5843000000,11367000000,788000000,476000000,2455000000,-11973000000,6129000000,781000000,0,0,0,3179000000,3179000000,0,9000000,11874000000,0,0,0,0,0,2550000000,DUK,Servicios Publicos,2022,46,Duke Energy Corporation
277,2021-12-31,8290000000,3096000000,0,615000000,1355000000,5663000000,9715000000,297000000,34000000,3579000000,-10935000000,2609000000,-665000000,0,0,0,3114000000,3114000000,0,5000000,9052000000,0,5000000,0,-36000000,0,3908000000,DUK,Servicios Publicos,2021,46,Duke Energy Corporation
278,2020-12-31,8856000000,3159000000,572000000,-346000000,388000000,5486000000,9907000000,56000000,-66000000,1082000000,-10604000000,1731000000,862000000,0,0,0,2812000000,2812000000,0,2745000000,6330000000,0,2745000000,0,-17000000,0,1377000000,DUK,Servicios Publicos,2020,46,Duke Energy Corporation
279,2019-12-31,8209000000,3552000000,573000000,-443000000,564000000,5176000000,11122000000,-78000000,122000000,3571000000,-11957000000,3730000000,-298000000,0,0,0,2668000000,2668000000,0,384000000,7091000000,1962000000,2346000000,0,-18000000,0,3748000000,DUK,Servicios Publicos,2019,46,Duke Energy Corporation
280,2018-12-31,7186000000,2774000000,0,463000000,1197000000,4696000000,9389000000,345000000,-156000000,2644000000,-10060000000,2960000000,981000000,0,0,0,2471000000,2471000000,0,1838000000,5299000000,0,1838000000,0,86000000,0,2666000000,DUK,Servicios Publicos,2018,46,Duke Energy Corporation
281,2023-12-31,7553000000,3069000000,0,-649000000,337000000,62000000,9095000000,-482000000,368000000,3849000000,-9668000000,999000000,-307000000,0,0,0,3035000000,3035000000,0,36000000,8972000000,0,72000000,0,0,0,3976000000,SO,Servicios Publicos,2023,47,Southern Company
282,2022-12-31,6302000000,2527000000,0,1174000000,1342000000,62000000,7923000000,771000000,125000000,3428000000,-8430000000,2336000000,1163000000,0,0,298000000,2907000000,2907000000,0,1808000000,5132000000,0,1593000000,0,208000000,0,3535000000,SO,Servicios Publicos,2022,47,Southern Company
283,2021-12-31,6169000000,2491000000,0,-57000000,381000000,65000000,7240000000,81000000,-99000000,2309000000,-7353000000,1945000000,830000000,0,0,0,2777000000,2777000000,0,73000000,8262000000,0,146000000,0,761000000,0,2408000000,SO,Servicios Publicos,2021,47,Southern Company
284,2020-12-31,6696000000,2446000000,0,49000000,540000000,75000000,7441000000,222000000,29000000,3103000000,-7030000000,-576000000,-1321000000,0,0,0,2685000000,2685000000,0,74000000,8047000000,0,148000000,0,-910000000,0,3134000000,SO,Servicios Publicos,2020,47,Southern Company
285,2019-12-31,5781000000,3448000000,0,-641000000,-580000000,89000000,7814000000,-630000000,120000000,4744000000,-3392000000,-1930000000,-1500000000,0,0,0,2570000000,2570000000,0,844000000,5220000000,0,1688000000,0,459000000,0,4739000000,SO,Servicios Publicos,2019,47,Southern Company
286,2018-12-31,6945000000,2042000000,0,354000000,430000000,89000000,8205000000,426000000,-123000000,2300000000,-5760000000,-1813000000,-774000000,0,33000000,33000000,2425000000,2425000000,0,1090000000,2478000000,0,1499000000,0,-628000000,0,2226000000,SO,Servicios Publicos,2018,47,Southern Company
287,2023-12-31,5012200000,1832200000,0,-363100000,1013000000,2955500000,7378300000,0,504000000,2212600000,-6266700000,1077000000,-1282000000,0,0,0,1760400000,1760400000,0,999600000,5462800000,0,999600000,0,0,0,2208100000,AEP,Servicios Publicos,2023,48,American Electric Power Co Inc
288,2022-12-31,5288000000,1455000000,0,986700000,392600000,3237100000,6671700000,-681700000,313900000,2305600000,-7751800000,2568900000,1498200000,0,0,0,1645200000,1645200000,0,826500000,4649700000,0,826500000,0,105100000,0,2307200000,AEP,Servicios Publicos,2022,48,American Electric Power Co Inc
289,2021-12-31,3839900000,1431400000,0,413500000,-86200000,2723800000,5659600000,-119700000,-300200000,2488100000,-6433900000,2607100000,134700000,0,0,0,1519500000,1519500000,0,600500000,6486300000,0,600500000,0,13100000,0,2488100000,AEP,Servicios Publicos,2021,48,American Electric Power Co Inc
290,2020-12-31,3832900000,1435100000,20000000,-325200000,251100000,2506100000,0,-129300000,142900000,2196700000,-6233900000,2406700000,-359000000,0,0,0,1424900000,1424900000,0,155000000,5626100000,0,155000000,0,5700000,0,2200100000,AEP,Servicios Publicos,2020,48,American Electric Power Co Inc
291,2019-12-31,4270100000,1331100000,0,-160400000,274900000,2200700000,918400000,247800000,248200000,1919800000,-7144500000,2862900000,928300000,0,0,0,1350000000,1350000000,0,65300000,4536600000,0,65300000,0,-11500000,0,1921100000,AEP,Servicios Publicos,2019,48,American Electric Power Co Inc
292,2018-12-31,5223200000,939300000,0,468600000,-151000000,1905900000,14600000,145900000,-20700000,1931300000,-6353600000,1161900000,271400000,0,0,0,1255500000,1255500000,0,73600000,4945700000,0,73600000,0,4490200000,0,1923800000,AEP,Servicios Publicos,2018,48,American Electric Power Co Inc
293,2023-12-31,4703000000,1810000000,0,-289000000,82000000,3499000000,7408000000,37000000,45000000,2328000000,-7375000000,2683000000,-63000000,0,0,0,1433000000,1433000000,0,140000000,5825000000,0,181000000,0,0,0,2328000000,EXC,Servicios Publicos,2023,49,Exelon Corporation
294,2022-12-31,4870000000,2116000000,0,2562000000,1343000000,3325000000,7147000000,1222000000,121000000,2171000000,-6990000000,1591000000,786000000,0,0,0,1334000000,1334000000,0,563000000,6309000000,0,600000000,0,-529000000,0,2170000000,EXC,Servicios Publicos,2022,49,Exelon Corporation
295,2021-12-31,3012000000,2425000000,0,693000000,844000000,3033000000,7981000000,703000000,141000000,1829000000,-3317000000,758000000,1299000000,0,0,0,1497000000,1497000000,0,0,3481000000,0,117000000,0,453000000,0,1706000000,EXC,Servicios Publicos,2021,49,Exelon Corporation
296,2020-12-31,4235000000,2393000000,0,505000000,-612000000,2891000000,8048000000,-697000000,85000000,1954000000,-4336000000,145000000,661000000,0,0,0,1492000000,1492000000,0,0,7507000000,0,63000000,0,44000000,0,1963000000,EXC,Servicios Publicos,2020,49,Exelon Corporation
297,2019-12-31,6659000000,2165000000,0,-927000000,330000000,4252000000,7248000000,243000000,87000000,3028000000,-7260000000,-58000000,656000000,0,0,0,1408000000,1408000000,0,0,1951000000,0,171000000,0,-659000000,0,3028000000,EXC,Servicios Publicos,2019,49,Exelon Corporation
298,2018-12-31,8644000000,1804000000,0,973000000,602000000,4353000000,7594000000,565000000,37000000,2079000000,-7834000000,-219000000,-213000000,0,0,0,1332000000,1332000000,0,0,3115000000,0,161000000,0,591000000,0,2084000000,EXC,Servicios Publicos,2018,49,Exelon Corporation
299,2023-09-30,110543000000,5703000000,0,1142000000,7719000000,11519000000,10959000000,417000000,1618000000,96995000000,3705000000,-108488000000,-7956000000,77550000000,77550000000,0,15025000000,15025000000,0,0,5228000000,0,-77550000000,0,5760000000,0,96995000000,AAPL,Tecnologia de la Informacion,2023,50,Apple Inc
300,2022-09-30,122151000000,4665000000,0,15558000000,14358000000,11104000000,10708000000,9343000000,-1484000000,99803000000,-22354000000,-110749000000,7910000000,89402000000,89402000000,0,14841000000,14841000000,0,0,5465000000,0,-89402000000,0,-10952000000,0,99803000000,AAPL,Tecnologia de la Informacion,2022,50,Apple Inc
301,2021-09-30,104038000000,4087000000,0,19801000000,24712000000,11284000000,11085000000,14028000000,2642000000,94680000000,-14545000000,-93353000000,2044000000,85971000000,85971000000,0,14467000000,14467000000,0,1105000000,20393000000,0,-84866000000,0,-3860000000,0,94680000000,AAPL,Tecnologia de la Informacion,2021,50,Apple Inc
302,2020-09-30,80674000000,4502000000,0,6935000000,1245000000,11056000000,7309000000,-8470000000,127000000,57411000000,-4289000000,-86820000000,-1926000000,72358000000,72358000000,0,14081000000,14081000000,0,880000000,16091000000,0,-71478000000,0,-10435000000,0,57411000000,AAPL,Tecnologia de la Informacion,2020,50,Apple Inc
303,2019-09-30,69391000000,3423000000,0,-7248000000,-3760000000,12547000000,10495000000,-3176000000,289000000,55256000000,45896000000,-90976000000,-11954000000,66897000000,66897000000,0,14119000000,14119000000,0,781000000,6963000000,0,-66116000000,0,24311000000,0,55256000000,AAPL,Tecnologia de la Informacion,2019,50,Apple Inc
304,2018-09-30,77434000000,3022000000,0,47665000000,12927000000,10903000000,13313000000,13332000000,-828000000,59531000000,16066000000,-87876000000,-74000000,72738000000,72738000000,0,13712000000,13712000000,0,669000000,6969000000,0,-72069000000,0,5624000000,0,59531000000,AAPL,Tecnologia de la Informacion,2018,50,Apple Inc
305,2023-06-30,87582000000,3207000000,0,5281000000,7669000000,14852000000,28107000000,4087000000,-1242000000,72361000000,-22680000000,-43935000000,0,22245000000,22245000000,0,19800000000,19800000000,0,1866000000,0,0,-20379000000,0,0,0,72361000000,MSFT,Tecnologia de la Informacion,2023,51,Microsoft Corporation
306,2022-06-30,89035000000,2797000000,0,11917000000,11471000000,15580000000,23886000000,6834000000,1123000000,72738000000,-30311000000,-58876000000,0,32696000000,32696000000,0,18135000000,18135000000,0,1841000000,0,0,-30855000000,0,-152000000,0,72738000000,MSFT,Tecnologia de la Informacion,2022,51,Microsoft Corporation
307,2021-06-30,76740000000,2438000000,0,10673000000,11609000000,11821000000,20622000000,6481000000,737000000,61271000000,-27577000000,-48486000000,0,27385000000,27385000000,0,16521000000,16521000000,0,1693000000,0,0,-25692000000,0,648000000,-29000000,61271000000,MSFT,Tecnologia de la Informacion,2021,51,Microsoft Corporation
308,2020-06-30,60675000000,2165000000,0,4293000000,5776000000,12911000000,15441000000,2577000000,-168000000,44281000000,-12223000000,-46031000000,0,22968000000,22968000000,0,15137000000,15137000000,0,1343000000,0,0,-21625000000,0,2220000000,-201000000,44281000000,MSFT,Tecnologia de la Informacion,2020,51,Microsoft Corporation
309,2019-06-30,52185000000,1917000000,0,9633000000,5767000000,11600000000,13925000000,2812000000,-597000000,39240000000,-15773000000,-36887000000,0,19543000000,19543000000,0,13811000000,13811000000,0,1142000000,0,0,-18401000000,0,-590000000,-115000000,39240000000,MSFT,Tecnologia de la Informacion,2019,51,Microsoft Corporation
310,2018-06-30,43884000000,1697000000,0,26031000000,5564000000,9900000000,11632000000,3862000000,465000000,16571000000,-6061000000,-33590000000,-7324000000,10721000000,10721000000,0,12699000000,12699000000,0,1002000000,0,0,-9719000000,0,4283000000,50000000,16571000000,MSFT,Tecnologia de la Informacion,2018,51,Microsoft Corporation
311,2023-01-29,5641000000,438000000,0,-299000000,3249000000,1544000000,1833000000,-822000000,2554000000,4368000000,7375000000,-11617000000,0,10039000000,10039000000,0,398000000,398000000,0,0,0,0,-10039000000,0,1399000000,0,4368000000,NVDA,Tecnologia de la Informacion,2023,52,NVIDIA Corporation
312,2022-01-30,9108000000,400000000,0,760000000,4704000000,1174000000,976000000,2215000000,774000000,9752000000,-9830000000,1865000000,0,0,0,0,399000000,399000000,0,0,0,0,-1904000000,0,1143000000,0,9752000000,NVDA,Tecnologia de la Informacion,2022,52,NVIDIA Corporation
313,2021-01-31,5822000000,279000000,0,526000000,1468000000,1098000000,1128000000,550000000,524000000,4332000000,-19675000000,3804000000,0,0,0,0,395000000,395000000,0,0,0,0,-942000000,0,-10049000000,0,4332000000,NVDA,Tecnologia de la Informacion,2021,52,NVIDIA Corporation
314,2020-01-26,4761000000,157000000,0,222000000,-441000000,381000000,489000000,233000000,-597000000,2796000000,6145000000,-792000000,0,0,0,0,390000000,390000000,0,0,0,0,-1579000000,0,10114000000,0,2796000000,NVDA,Tecnologia de la Informacion,2020,52,NVIDIA Corporation
315,2019-01-27,3743000000,55000000,0,211000000,980000000,262000000,600000000,149000000,776000000,4141000000,-4097000000,-2866000000,0,1579000000,1579000000,0,371000000,371000000,0,0,0,0,-1579000000,0,-3220000000,0,4141000000,NVDA,Tecnologia de la Informacion,2019,52,NVIDIA Corporation
316,2018-01-28,3502000000,55000000,0,571000000,419000000,201000000,593000000,440000000,0,3047000000,1278000000,-2544000000,0,909000000,909000000,0,341000000,341000000,0,0,0,0,-909000000,0,2236000000,0,3047000000,NVDA,Tecnologia de la Informacion,2018,52,NVIDIA Corporation
317,2023-12-31,101746000000,3173000000,0,5126000000,9976000000,11946000000,32251000000,7833000000,2276000000,73795000000,-27063000000,-72093000000,0,61504000000,61504000000,0,0,0,0,0,0,0,-61504000000,0,0,0,73795000000,GOOGL,Tecnologia de la Informacion,2023,53,Alphabet Inc Class A
318,2022-12-31,91495000000,2722000000,0,4989000000,7363000000,13475000000,31485000000,2317000000,0,59972000000,-20298000000,-69757000000,0,59296000000,59296000000,0,0,0,0,0,0,0,-59296000000,0,1440000000,0,59972000000,GOOGL,Tecnologia de la Informacion,2022,53,Alphabet Inc Class A
319,2021-12-31,91652000000,2489000000,0,8361000000,10941000000,12441000000,24640000000,9095000000,7140000000,76033000000,-35523000000,-61362000000,0,50274000000,50274000000,0,0,0,0,0,0,0,-50274000000,0,-5233000000,0,76033000000,GOOGL,Tecnologia de la Informacion,2021,53,Alphabet Inc Class A
320,2020-12-31,65124000000,2004000000,0,6833000000,7854000000,13697000000,22281000000,6524000000,5813000000,40269000000,-32773000000,-24408000000,0,31149000000,31149000000,0,0,0,0,0,0,0,-31149000000,0,7943000000,0,40269000000,GOOGL,Tecnologia de la Informacion,2020,53,Alphabet Inc Class A
321,2019-12-31,54520000000,1661000000,0,7635000000,4961000000,11781000000,23548000000,4340000000,7822000000,34343000000,-29491000000,-23209000000,0,18396000000,18396000000,0,0,0,0,0,0,0,-18396000000,0,1820000000,0,34343000000,GOOGL,Tecnologia de la Informacion,2019,53,Alphabet Inc Class A
322,2018-12-31,47971000000,69000000,0,10052000000,3376000000,9035000000,25139000000,2169000000,7890000000,30736000000,-28504000000,-13179000000,0,9075000000,9075000000,0,0,0,0,0,0,0,-9075000000,0,5986000000,-302000000,30736000000,GOOGL,Tecnologia de la Informacion,2018,53,Alphabet Inc Class A
323,2023-12-31,71113000000,2701000000,0,5756000000,1920000000,11178000000,27266000000,2399000000,0,39098000000,-24495000000,-19500000000,0,19774000000,19774000000,0,0,0,0,0,8455000000,0,-19774000000,0,0,0,39098000000,META,Tecnologia de la Informacion,2023,54,Meta Platforms Inc.
324,2022-12-31,50475000000,1670000000,0,5396000000,-287000000,8686000000,31431000000,-231000000,0,23200000000,-28970000000,-22136000000,0,27956000000,27956000000,0,0,0,0,0,9921000000,0,-27956000000,0,-631000000,0,23200000000,META,Tecnologia de la Informacion,2022,54,Meta Platforms Inc.
325,2021-12-31,57683000000,1421000000,0,5909000000,5209000000,7967000000,18567000000,3110000000,2187000000,39370000000,-7570000000,-50728000000,14000000,44537000000,44537000000,0,0,0,0,0,0,0,-44537000000,0,-615000000,0,39370000000,META,Tecnologia de la Informacion,2021,54,Meta Platforms Inc.
326,2020-12-31,38747000000,1222000000,0,-1312000000,1411000000,6862000000,15115000000,1512000000,-1302000000,29146000000,-30059000000,-10292000000,24000000,6272000000,6272000000,0,0,0,0,0,0,0,-6272000000,0,-1604000000,0,29146000000,META,Tecnologia de la Informacion,2020,54,Meta Platforms Inc.
327,2019-12-31,36314000000,914000000,0,9123000000,1873000000,5741000000,15102000000,1961000000,8975000000,18485000000,-19864000000,-7299000000,-223000000,4202000000,4202000000,0,2337000000,2337000000,0,0,0,0,-4202000000,0,9151000000,0,18485000000,META,Tecnologia de la Informacion,2019,54,Meta Platforms Inc.
328,2018-12-31,29274000000,1000000,0,1057000000,2741000000,4315000000,13915000000,1892000000,91000000,22112000000,-11603000000,-15572000000,500000000,12879000000,12879000000,0,0,0,0,0,0,0,-12879000000,0,2099000000,0,22112000000,META,Tecnologia de la Informacion,2018,54,Meta Platforms Inc.
